year,crimeType,victim_race,rate,rateSE,rateLB,rateUB,count,countSE,countLB,countUB,sampleSizeUnwt,countFlag,rateFlag
1993,Aggravated assault,Black,19.9,2.81,14.4,25.42,493417,72107.0,352089.0,634744.0,119,0,0
1993,Aggravated assault,Hispanic,21.9,3.4,15.24,28.57,374430,60346.0,256153.0,492707.0,94,0,0
1993,Aggravated assault,Other,21.6,4.65,12.52,30.76,155346,34639.0,87454.0,223238.0,28,0,0
1993,Aggravated assault,White,15.2,1.28,12.67,17.7,2457862,208500.0,2049209.0,2866515.0,574,0,0
1993,Personal theft/Larceny,Black,5.3,1.24,2.84,7.71,130733,31142.0,69695.0,191771.0,24,0,0
1993,Personal theft/Larceny,Hispanic,2.9,1.0,0.9,4.82,48877,17243.0,15081.0,82674.0,15,0,0
1993,Personal theft/Larceny,Other,1.6,1.05,0.0,3.64,11408,7534.0,0.0,26175.0,4,1,1
1993,Personal theft/Larceny,White,1.8,0.32,1.17,2.41,290365,51297.0,189826.0,390905.0,94,0,0
1993,Rape/sexual assault,Black,3.4,0.95,1.5,5.21,83064,23635.0,36741.0,129387.0,18,0,0
1993,Rape/sexual assault,Hispanic,5.2,1.42,2.42,8.0,88985,24636.0,40699.0,137272.0,14,0,0
1993,Rape/sexual assault,Other,4.8,1.95,1.02,8.66,34755,14136.0,7049.0,62460.0,8,1,1
1993,Rape/sexual assault,White,4.3,0.55,3.19,5.36,691435,89844.0,515344.0,867526.0,137,0,0
1993,Robbery,Black,20.9,2.9,15.22,26.57,517730,74393.0,371922.0,663537.0,95,0,0
1993,Robbery,Hispanic,13.8,2.56,8.75,18.77,235180,44887.0,147203.0,323158.0,62,0,0
1993,Robbery,Other,8.5,2.69,3.24,13.8,61148,19681.0,22574.0,99723.0,15,0,0
1993,Robbery,White,5.8,0.68,4.47,7.13,938609,109849.0,723309.0,1153908.0,238,0,0
1993,Simple assault,Black,45.9,4.73,36.6,55.13,1136498,124672.0,892145.0,1380851.0,222,0,0
1993,Simple assault,Hispanic,39.3,4.87,29.78,48.86,672065,88188.0,499220.0,844910.0,156,0,0
1993,Simple assault,Other,32.4,5.9,20.82,43.96,232470,44561.0,145133.0,319807.0,52,0,0
1993,Simple assault,White,53.4,2.94,47.68,59.2,8649624,481191.0,7706507.0,9592742.0,1761,0,0
1993,Violent crime excluding simple assault,Black,44.2,4.62,35.11,53.21,1094211,121578.0,855922.0,1332500.0,232,0,0
1993,Violent crime excluding simple assault,Hispanic,40.9,4.98,31.1,50.64,698595,90453.0,521312.0,875879.0,170,0,0
1993,Violent crime excluding simple assault,Other,35.0,6.18,22.89,47.12,251249,46800.0,159523.0,342975.0,51,0,0
1993,Violent crime excluding simple assault,White,25.3,1.8,21.73,28.78,4087906,292979.0,3513678.0,4662134.0,949,0,0
1993,Violent victimization,Black,90.0,7.12,76.07,103.98,2230708,195406.0,1847719.0,2613697.0,454,0,0
1993,Violent victimization,Hispanic,80.2,7.49,65.52,94.86,1370660,141190.0,1093932.0,1647388.0,326,0,0
1993,Violent victimization,Other,67.4,9.08,49.6,85.18,483719,71186.0,344198.0,623240.0,103,0,0
1993,Violent victimization,White,78.7,3.76,71.32,86.07,12737530,618132.0,11526014.0,13949047.0,2710,0,0
1994,Aggravated assault,Black,21.7,2.5,16.84,26.63,545557,64983.0,418192.0,672921.0,146,0,0
1994,Aggravated assault,Hispanic,27.5,3.21,21.2,33.78,508688,62101.0,386973.0,630403.0,130,0,0
1994,Aggravated assault,Other,11.4,2.68,6.13,16.65,82985,19994.0,43796.0,122173.0,28,0,0
1994,Aggravated assault,White,14.0,1.02,12.02,16.03,2275748,166948.0,1948536.0,2602961.0,734,0,0
1994,Personal theft/Larceny,Black,3.4,0.81,1.84,5.0,85904,20414.0,45893.0,125914.0,30,0,0
1994,Personal theft/Larceny,Hispanic,3.8,0.96,1.88,5.66,69792,18027.0,34459.0,105125.0,29,0,0
1994,Personal theft/Larceny,Other,1.2,0.77,0.0,2.74,8982,5606.0,0.0,19969.0,4,1,1
1994,Personal theft/Larceny,White,2.1,0.29,1.51,2.66,338289,47771.0,244660.0,431918.0,146,0,0
1994,Rape/sexual assault,Black,2.4,0.66,1.13,3.7,60534,16567.0,28064.0,93004.0,22,0,0
1994,Rape/sexual assault,Hispanic,3.0,0.84,1.31,4.59,54652,15597.0,24083.0,85221.0,18,0,0
1994,Rape/sexual assault,Other,2.8,1.21,0.46,5.21,20640,8898.0,3200.0,38079.0,9,1,1
1994,Rape/sexual assault,White,3.3,0.4,2.54,4.1,538465,64434.0,412177.0,664753.0,149,0,0
1994,Robbery,Black,17.6,2.19,13.29,21.87,441292,56652.0,330257.0,552328.0,116,0,0
1994,Robbery,Hispanic,11.9,1.92,8.16,15.7,220704,36456.0,149252.0,292156.0,82,0,0
1994,Robbery,Other,9.7,2.44,4.88,14.45,70415,18123.0,34894.0,105936.0,30,0,0
1994,Robbery,White,5.8,0.57,4.69,6.94,943428,92999.0,761154.0,1125702.0,323,0,0
1994,Simple assault,Black,42.4,3.78,35.01,49.84,1064811,100734.0,867376.0,1262247.0,256,0,0
1994,Simple assault,Hispanic,49.5,4.6,40.49,58.54,916414,91235.0,737597.0,1095232.0,271,0,0
1994,Simple assault,Other,44.5,5.99,32.77,56.23,324296,46501.0,233156.0,415436.0,84,0,0
1994,Simple assault,White,55.4,2.53,50.45,60.38,8990375,415675.0,8175667.0,9805083.0,2332,0,0
1994,Violent crime excluding simple assault,Black,41.7,3.75,34.39,49.07,1047383,99641.0,852089.0,1242676.0,284,0,0
1994,Violent crime excluding simple assault,Hispanic,42.4,4.19,34.16,50.57,784045,82341.0,622660.0,945430.0,230,0,0
1994,Violent crime excluding simple assault,Other,23.9,4.15,15.76,32.01,174040,31432.0,112435.0,235645.0,67,0,0
1994,Violent crime excluding simple assault,White,23.2,1.43,20.36,25.96,3757641,233388.0,3300210.0,4215073.0,1206,0,0
1994,Violent victimization,Black,84.2,5.75,72.9,95.42,2112194,158837.0,1800879.0,2423509.0,540,0,0
1994,Violent victimization,Hispanic,91.9,6.67,78.82,104.96,1700459,137449.0,1431064.0,1969854.0,501,0,0
1994,Violent victimization,Other,68.4,7.69,53.31,83.46,498335,61279.0,378230.0,618441.0,151,0,0
1994,Violent victimization,White,78.6,3.16,72.37,84.77,12748016,520881.0,11727109.0,13768924.0,3538,0,0
1995,Aggravated assault,Black,14.8,1.93,11.04,18.62,373508,50210.0,275098.0,471919.0,113,0,0
1995,Aggravated assault,Hispanic,20.0,2.55,15.0,25.01,387392,51444.0,286563.0,488221.0,113,0,0
1995,Aggravated assault,Other,18.8,3.39,12.13,25.44,142348,26721.0,89976.0,194721.0,29,0,0
1995,Aggravated assault,White,12.2,0.95,10.35,14.09,1991138,155833.0,1685711.0,2296566.0,567,0,0
1995,Personal theft/Larceny,Black,3.2,0.74,1.78,4.66,81186,18714.0,44508.0,117865.0,29,0,0
1995,Personal theft/Larceny,Hispanic,3.2,0.81,1.62,4.79,62005,15823.0,30993.0,93017.0,25,0,0
1995,Personal theft/Larceny,Other,2.4,0.99,0.44,4.31,17999,7524.0,3251.0,32746.0,8,1,1
1995,Personal theft/Larceny,White,1.6,0.24,1.09,2.02,252950,38813.0,176878.0,329022.0,108,0,0
1995,Rape/sexual assault,Black,3.2,0.73,1.75,4.61,80106,18558.0,43734.0,116478.0,21,0,0
1995,Rape/sexual assault,Hispanic,3.5,0.86,1.84,5.2,68109,16772.0,35238.0,100981.0,15,0,0
1995,Rape/sexual assault,Other,3.7,1.28,1.21,6.22,28123,9790.0,8936.0,47311.0,4,1,1
1995,Rape/sexual assault,White,2.4,0.31,1.76,2.99,386910,51401.0,286165.0,487655.0,118,0,0
1995,Robbery,Black,13.4,1.81,9.85,16.95,337449,46939.0,245451.0,429447.0,105,0,0
1995,Robbery,Hispanic,11.2,1.77,7.75,14.67,217087,35117.0,148260.0,285915.0,78,0,0
1995,Robbery,Other,6.0,1.7,2.69,9.36,45659,13111.0,19961.0,71357.0,19,0,0
1995,Robbery,White,4.6,0.49,3.64,5.57,750381,80182.0,593227.0,907535.0,243,0,0
1995,Simple assault,Black,47.4,4.07,39.42,55.39,1193979,109912.0,978554.0,1409403.0,278,0,0
1995,Simple assault,Hispanic,48.2,4.46,39.43,56.92,932758,92921.0,750636.0,1114879.0,246,0,0
1995,Simple assault,Other,33.2,4.81,23.73,42.59,251273,38644.0,175533.0,327013.0,75,0,0
1995,Simple assault,White,49.2,2.43,44.43,53.96,8015980,400600.0,7230818.0,8801142.0,2111,0,0
1995,Violent crime excluding simple assault,Black,31.4,3.13,25.27,37.55,791064,83099.0,628193.0,953934.0,239,0,0
1995,Violent crime excluding simple assault,Hispanic,34.7,3.63,27.62,41.85,672589,74467.0,526637.0,818541.0,206,0,0
1995,Violent crime excluding simple assault,Other,28.5,4.39,19.92,37.12,216130,35016.0,147501.0,284760.0,52,0,0
1995,Violent crime excluding simple assault,White,19.2,1.29,16.66,21.74,3128429,212166.0,2712591.0,3544267.0,928,0,0
1995,Violent victimization,Black,78.8,5.6,67.84,89.79,1985042,155507.0,1680254.0,2289831.0,517,0,0
1995,Violent victimization,Hispanic,82.9,6.25,70.66,95.16,1605347,134511.0,1341711.0,1868983.0,452,0,0
1995,Violent victimization,Other,61.7,7.02,47.91,75.45,467403,58310.0,353118.0,581689.0,127,0,0
1995,Violent victimization,White,68.4,3.01,62.48,74.3,11144409,497866.0,10168609.0,12120209.0,3039,0,0
1996,Aggravated assault,Black,17.0,2.27,12.5,21.41,429376,59660.0,312445.0,546307.0,105,0,0
1996,Aggravated assault,Hispanic,15.9,2.33,11.33,20.48,326134,49569.0,228980.0,423288.0,87,0,0
1996,Aggravated assault,Other,9.8,2.4,5.13,14.52,77124,19285.0,39327.0,114921.0,24,0,0
1996,Aggravated assault,White,12.5,1.06,10.43,14.57,2044611,173741.0,1704085.0,2385137.0,520,0,0
1996,Personal theft/Larceny,Black,1.8,0.53,0.71,2.8,44389,13630.0,17675.0,71103.0,15,0,0
1996,Personal theft/Larceny,Hispanic,2.7,0.76,1.22,4.18,55412,15651.0,24736.0,86087.0,20,0,0
1996,Personal theft/Larceny,Other,1.4,0.74,0.0,2.8,10677,5801.0,0.0,22046.0,5,1,1
1996,Personal theft/Larceny,White,1.3,0.23,0.88,1.79,218295,37923.0,143968.0,292622.0,87,0,0
1996,Rape/sexual assault,Black,1.9,0.55,0.77,2.95,47129,14146.0,19403.0,74856.0,15,0,0
1996,Rape/sexual assault,Hispanic,2.6,0.74,1.16,4.05,53407,15294.0,23431.0,83383.0,10,1,1
1996,Rape/sexual assault,Other,2.1,0.95,0.26,3.99,16652,7525.0,1904.0,31401.0,6,1,1
1996,Rape/sexual assault,White,2.0,0.3,1.37,2.54,320009,48943.0,224084.0,415935.0,92,0,0
1996,Robbery,Black,11.4,1.76,7.96,14.84,288727,45684.0,199188.0,378265.0,88,0,0
1996,Robbery,Hispanic,9.6,1.68,6.27,12.86,196110,35327.0,126871.0,265350.0,65,0,0
1996,Robbery,Other,12.1,2.73,6.76,17.44,94984,22030.0,51806.0,138162.0,22,0,0
1996,Robbery,White,5.2,0.58,4.04,6.3,845626,94655.0,660105.0,1031147.0,243,0,0
1996,Simple assault,Black,39.6,3.95,31.87,47.34,1003192,106426.0,794602.0,1211782.0,209,0,0
1996,Simple assault,Hispanic,40.5,4.27,32.11,48.84,829784,93437.0,646651.0,1012917.0,203,0,0
1996,Simple assault,Other,26.3,4.42,17.6,34.91,206072,36503.0,134527.0,277616.0,51,0,0
1996,Simple assault,White,44.5,2.5,39.61,49.42,7280580,413690.0,6469763.0,8091398.0,1881,0,0
1996,Violent crime excluding simple assault,Black,30.2,3.31,23.72,36.7,765232,88398.0,591976.0,938489.0,208,0,0
1996,Violent crime excluding simple assault,Hispanic,28.1,3.37,21.47,34.69,575652,72789.0,432988.0,718315.0,162,0,0
1996,Violent crime excluding simple assault,Other,24.0,4.18,15.85,32.24,188761,34448.0,121245.0,256277.0,52,0,0
1996,Violent crime excluding simple assault,White,19.6,1.44,16.81,22.45,3210246,236973.0,2745787.0,3674705.0,855,0,0
1996,Violent victimization,Black,69.8,5.66,58.71,80.91,1768425,157210.0,1460299.0,2076550.0,417,0,0
1996,Violent victimization,Hispanic,68.5,5.96,56.87,80.23,1405436,134199.0,1142411.0,1668461.0,365,0,0
1996,Violent victimization,Other,50.3,6.62,37.33,63.27,394833,56374.0,284342.0,505324.0,103,0,0
1996,Violent victimization,White,64.1,3.18,57.91,70.38,10490827,527581.0,9456788.0,11524865.0,2736,0,0
1997,Aggravated assault,Black,17.3,2.54,12.28,22.24,453390,69050.0,318054.0,588725.0,91,0,0
1997,Aggravated assault,Hispanic,14.6,2.45,9.78,19.38,308600,53488.0,203765.0,413435.0,87,0,0
1997,Aggravated assault,Other,5.9,1.97,2.07,9.79,49366,16658.0,16717.0,82015.0,18,0,0
1997,Aggravated assault,White,12.7,1.18,10.39,15.01,2084026,194110.0,1703578.0,2464473.0,481,0,0
1997,Personal theft/Larceny,Black,3.3,0.89,1.57,5.07,87203,23694.0,40765.0,133642.0,29,0,0
1997,Personal theft/Larceny,Hispanic,2.4,0.8,0.86,4.0,51416,17078.0,17944.0,84888.0,22,0,0
1997,Personal theft/Larceny,Other,0.8,0.61,0.0,1.97,6474,5097.0,0.0,16463.0,2,1,1
1997,Personal theft/Larceny,White,1.4,0.26,0.85,1.89,224767,43443.0,139620.0,309913.0,80,0,0
1997,Rape/sexual assault,Black,2.2,0.69,0.82,3.51,56791,18152.0,21214.0,92369.0,13,0,0
1997,Rape/sexual assault,Hispanic,2.2,0.75,0.72,3.68,46624,16087.0,15094.0,78154.0,12,0,0
1997,Rape/sexual assault,Other,1.1,0.76,0.0,2.63,9507,6325.0,0.0,21904.0,4,1,1
1997,Rape/sexual assault,White,2.7,0.41,1.88,3.49,440600,67744.0,307824.0,573376.0,99,0,0
1997,Robbery,Black,8.2,1.57,5.1,11.27,215093,42215.0,132354.0,297833.0,52,0,0
1997,Robbery,Hispanic,8.4,1.72,4.98,11.72,176761,37165.0,103918.0,249604.0,62,0,0
1997,Robbery,Other,4.6,1.69,1.28,7.91,38248,14267.0,10286.0,66210.0,14,0,0
1997,Robbery,White,4.6,0.59,3.46,5.79,758777,97597.0,567490.0,950064.0,208,0,0
1997,Simple assault,Black,45.1,4.71,35.9,54.35,1185375,132092.0,926480.0,1444269.0,229,0,0
1997,Simple assault,Hispanic,31.1,3.97,23.31,38.88,658051,88653.0,484294.0,831808.0,197,0,0
1997,Simple assault,Other,27.3,5.0,17.49,37.07,227065,43732.0,141351.0,312779.0,52,0,0
1997,Simple assault,White,40.9,2.59,35.86,46.02,6717132,429749.0,5874839.0,7559425.0,1572,0,0
1997,Violent crime excluding simple assault,Black,27.6,3.44,20.87,34.35,725274,94665.0,539735.0,910814.0,156,0,0
1997,Violent crime excluding simple assault,Hispanic,25.1,3.47,18.34,31.94,531985,76845.0,381373.0,682598.0,161,0,0
1997,Violent crime excluding simple assault,Other,11.7,2.97,5.86,17.48,97121,25354.0,47427.0,146814.0,36,0,0
1997,Violent crime excluding simple assault,White,20.0,1.6,16.87,23.15,3283403,264722.0,2764557.0,3802249.0,788,0,0
1997,Violent victimization,Black,72.7,6.35,60.28,85.18,1910649,182929.0,1552115.0,2269183.0,385,0,0
1997,Violent victimization,Hispanic,56.2,5.78,44.91,67.56,1190036,132445.0,930449.0,1449624.0,358,0,0
1997,Violent victimization,Other,38.9,6.22,26.76,51.14,324186,55257.0,215884.0,432488.0,88,0,0
1997,Violent victimization,White,60.9,3.37,54.35,67.55,10000535,559889.0,8903172.0,11097898.0,2360,0,0
1998,Aggravated assault,Black,15.6,2.19,11.32,19.89,415012,60314.0,296799.0,533225.0,90,0,0
1998,Aggravated assault,Hispanic,10.0,1.73,6.62,13.38,217000,38552.0,141439.0,292560.0,51,0,0
1998,Aggravated assault,Other,16.1,3.15,9.95,22.31,141336,28787.0,84915.0,197758.0,24,0,0
1998,Aggravated assault,White,9.4,0.91,7.58,11.16,1545076,151259.0,1248613.0,1841539.0,415,0,0
1998,Personal theft/Larceny,Black,2.1,0.58,0.98,3.25,56257,15580.0,25721.0,86793.0,20,0,0
1998,Personal theft/Larceny,Hispanic,1.7,0.54,0.62,2.73,36344,11733.0,13347.0,59341.0,15,0,0
1998,Personal theft/Larceny,Other,1.5,0.69,0.11,2.82,12835,6106.0,868.0,24803.0,5,1,1
1998,Personal theft/Larceny,White,1.2,0.21,0.74,1.57,190186,35226.0,121144.0,259228.0,72,0,0
1998,Rape/sexual assault,Black,2.5,0.65,1.26,3.83,67696,17596.0,33209.0,102183.0,16,0,0
1998,Rape/sexual assault,Hispanic,0.8,0.35,0.16,1.53,18351,7614.0,3428.0,33274.0,7,1,1
1998,Rape/sexual assault,Other,0.5,0.37,0.0,1.24,4500,3267.0,0.0,10903.0,1,1,1
1998,Rape/sexual assault,White,1.8,0.29,1.25,2.4,300555,48235.0,206017.0,395093.0,86,0,0
1998,Robbery,Black,6.2,1.18,3.91,8.54,165435,32033.0,102652.0,228219.0,45,0,0
1998,Robbery,Hispanic,6.3,1.27,3.83,8.83,137401,28242.0,82048.0,192755.0,48,0,0
1998,Robbery,Other,4.5,1.39,1.8,7.26,39670,12414.0,15339.0,64002.0,15,0,0
1998,Robbery,White,3.8,0.49,2.86,4.77,628207,80513.0,470404.0,786009.0,182,0,0
1998,Simple assault,Black,29.0,3.31,22.52,35.5,771390,92946.0,589220.0,953560.0,177,0,0
1998,Simple assault,Hispanic,29.6,3.56,22.64,36.61,642877,81822.0,482509.0,803246.0,164,0,0
1998,Simple assault,Other,39.5,5.63,28.46,50.52,345997,53166.0,241793.0,450201.0,55,0,0
1998,Simple assault,White,39.9,2.48,34.99,44.73,6570048,413347.0,5759903.0,7380193.0,1515,0,0
1998,Violent crime excluding simple assault,Black,24.4,2.95,18.59,30.15,648143,82290.0,486857.0,809429.0,151,0,0
1998,Violent crime excluding simple assault,Hispanic,17.2,2.48,12.32,22.04,372752,55982.0,263029.0,482475.0,106,0,0
1998,Violent crime excluding simple assault,Other,21.2,3.76,13.8,28.55,185506,34632.0,117629.0,253384.0,40,0,0
1998,Violent crime excluding simple assault,White,15.0,1.27,12.52,17.5,2473838,210311.0,2061635.0,2886040.0,683,0,0
1998,Violent victimization,Black,53.4,4.95,43.68,63.08,1419533,142532.0,1140176.0,1698890.0,328,0,0
1998,Violent victimization,Hispanic,46.8,4.81,37.37,56.24,1015629,112701.0,794740.0,1236519.0,270,0,0
1998,Violent victimization,Other,60.7,7.4,46.16,75.17,531503,71647.0,391078.0,671929.0,95,0,0
1998,Violent victimization,White,54.9,3.07,48.84,60.89,9043885,513137.0,8038156.0,10049615.0,2198,0,0
1999,Aggravated assault,Black,13.7,2.16,9.47,17.94,370633,60179.0,252685.0,488581.0,80,0,0
1999,Aggravated assault,Hispanic,10.3,1.9,6.58,14.02,236524,44669.0,148975.0,324073.0,70,0,0
1999,Aggravated assault,Other,5.1,1.7,1.74,8.41,46688,15876.0,15571.0,77805.0,17,0,0
1999,Aggravated assault,White,7.9,0.85,6.24,9.58,1307975,141475.0,1030689.0,1585262.0,323,0,0
1999,Personal theft/Larceny,Black,1.9,0.63,0.71,3.16,52286,17024.0,18919.0,85653.0,11,0,0
1999,Personal theft/Larceny,Hispanic,1.5,0.56,0.37,2.58,33830,13044.0,8265.0,59396.0,13,0,0
1999,Personal theft/Larceny,Other,1.3,0.76,0.0,2.79,11915,7043.0,0.0,25718.0,5,1,1
1999,Personal theft/Larceny,White,0.8,0.19,0.47,1.23,140350,31779.0,78064.0,202636.0,50,0,0
1999,Rape/sexual assault,Black,3.3,0.87,1.58,4.97,88575,23676.0,42172.0,134979.0,19,0,0
1999,Rape/sexual assault,Hispanic,1.9,0.65,0.6,3.16,43204,15139.0,13533.0,72875.0,12,0,0
1999,Rape/sexual assault,Other,1.4,0.8,0.0,2.99,13050,7423.0,0.0,27598.0,5,1,1
1999,Rape/sexual assault,White,2.7,0.41,1.89,3.51,446632,68189.0,312984.0,580279.0,91,0,0
1999,Robbery,Black,10.7,1.84,7.11,14.33,289886,51097.0,189737.0,390035.0,60,0,0
1999,Robbery,Hispanic,6.9,1.47,4.04,9.81,159089,34465.0,91539.0,226640.0,49,0,0
1999,Robbery,Other,2.6,1.13,0.34,4.78,23529,10490.0,2969.0,44088.0,9,1,1
1999,Robbery,White,3.3,0.47,2.38,4.23,546655,78129.0,393525.0,699785.0,162,0,0
1999,Simple assault,Black,28.7,3.49,21.84,35.51,775353,99006.0,581304.0,969402.0,166,0,0
1999,Simple assault,Hispanic,22.3,3.12,16.16,28.38,511561,74709.0,365133.0,657989.0,144,0,0
1999,Simple assault,Other,17.6,3.65,10.47,24.8,162130,34891.0,93744.0,230516.0,44,0,0
1999,Simple assault,White,33.7,2.29,29.26,38.22,5579233,381450.0,4831604.0,6326862.0,1268,0,0
1999,Violent crime excluding simple assault,Black,27.7,3.41,21.02,34.39,749095,96715.0,559537.0,938652.0,159,0,0
1999,Violent crime excluding simple assault,Hispanic,19.1,2.82,13.57,24.64,438817,67385.0,306744.0,570889.0,131,0,0
1999,Violent crime excluding simple assault,Other,9.1,2.42,4.31,13.8,83266,22768.0,38642.0,127891.0,31,0,0
1999,Violent crime excluding simple assault,White,13.9,1.25,11.46,16.37,2301262,208408.0,1892790.0,2709734.0,576,0,0
1999,Violent victimization,Black,56.4,5.38,45.84,66.92,1524447,157126.0,1216486.0,1832409.0,325,0,0
1999,Violent victimization,Hispanic,41.4,4.64,32.29,50.48,950378,113729.0,727473.0,1173282.0,275,0,0
1999,Violent victimization,Other,26.7,4.73,17.42,35.96,245396,45766.0,155696.0,335096.0,75,0,0
1999,Violent victimization,White,47.7,2.88,42.02,53.29,7880495,481220.0,6937321.0,8823669.0,1844,0,0
2000,Aggravated assault,Black,7.6,1.44,4.81,10.45,209220,40337.0,130160.0,288279.0,60,0,0
2000,Aggravated assault,Hispanic,6.2,1.31,3.67,8.8,152826,32663.0,88807.0,216845.0,47,0,0
2000,Aggravated assault,Other,6.2,1.83,2.64,9.8,57217,17140.0,23623.0,90811.0,16,0,0
2000,Aggravated assault,White,6.9,0.78,5.38,8.45,1145475,129917.0,890843.0,1400107.0,311,0,0
2000,Personal theft/Larceny,Black,1.8,0.57,0.71,2.95,50145,15749.0,19277.0,81012.0,13,0,0
2000,Personal theft/Larceny,Hispanic,2.4,0.7,0.99,3.72,57761,17245.0,23962.0,91560.0,21,0,0
2000,Personal theft/Larceny,Other,1.9,0.88,0.18,3.62,17459,8152.0,1482.0,33437.0,7,1,1
2000,Personal theft/Larceny,White,0.9,0.19,0.52,1.28,148592,32056.0,85764.0,211421.0,57,0,0
2000,Rape/sexual assault,Black,1.2,0.44,0.36,2.1,33783,12261.0,9753.0,57814.0,11,0,0
2000,Rape/sexual assault,Hispanic,0.5,0.26,0.0,0.98,11588,6368.0,0.0,24070.0,4,1,1
2000,Rape/sexual assault,Other,1.2,0.66,0.0,2.47,10811,6110.0,0.0,22787.0,3,1,1
2000,Rape/sexual assault,White,1.9,0.32,1.25,2.5,310564,52744.0,207188.0,413940.0,72,0,0
2000,Robbery,Black,7.3,1.4,4.59,10.09,201322,39303.0,124289.0,278356.0,55,0,0
2000,Robbery,Hispanic,9.8,1.76,6.35,13.25,240233,44291.0,153424.0,327042.0,48,0,0
2000,Robbery,Other,2.0,0.9,0.21,3.73,18099,8332.0,1768.0,34430.0,7,1,1
2000,Robbery,White,2.6,0.39,1.8,3.35,426468,65541.0,298011.0,554926.0,136,0,0
2000,Simple assault,Black,23.8,3.06,17.78,29.77,651767,87821.0,479640.0,823894.0,158,0,0
2000,Simple assault,Hispanic,23.7,3.15,17.47,29.83,579798,80994.0,421053.0,738543.0,154,0,0
2000,Simple assault,Other,12.6,2.85,6.97,18.14,115508,27113.0,62367.0,168649.0,29,0,0
2000,Simple assault,White,26.2,1.96,22.34,30.03,4337922,327531.0,3695972.0,4979871.0,1045,0,0
2000,Violent crime excluding simple assault,Black,16.2,2.37,11.56,20.86,444325,67415.0,312193.0,576457.0,126,0,0
2000,Violent crime excluding simple assault,Hispanic,16.5,2.48,11.64,21.38,404647,63218.0,280742.0,528553.0,99,0,0
2000,Violent crime excluding simple assault,Other,9.4,2.36,4.73,14.0,86127,22350.0,42322.0,129933.0,26,0,0
2000,Violent crime excluding simple assault,White,11.4,1.1,9.2,13.52,1882507,183615.0,1522629.0,2242386.0,519,0,0
2000,Violent victimization,Black,40.0,4.31,31.54,48.43,1096092,125993.0,849151.0,1343033.0,284,0,0
2000,Violent victimization,Hispanic,40.2,4.46,31.41,48.91,984446,116921.0,755285.0,1213606.0,253,0,0
2000,Violent victimization,Other,21.9,4.07,13.93,29.9,201635,39345.0,124521.0,278749.0,55,0,0
2000,Violent victimization,White,37.5,2.5,32.64,42.45,6220429,419248.0,5398718.0,7042140.0,1564,0,0
2001,Aggravated assault,Black,9.2,1.54,6.19,12.22,256019,43735.0,170300.0,341739.0,68,0,0
2001,Aggravated assault,Hispanic,6.6,1.28,4.05,9.08,166980,33185.0,101939.0,232020.0,55,0,0
2001,Aggravated assault,Other,2.7,1.1,0.51,4.8,24704,10272.0,4571.0,44836.0,9,1,1
2001,Aggravated assault,White,5.6,0.62,4.4,6.83,935964,103506.0,733096.0,1138831.0,271,0,0
2001,Personal theft/Larceny,Black,0.8,0.35,0.13,1.5,22591,9748.0,3485.0,41697.0,7,1,1
2001,Personal theft/Larceny,Hispanic,0.7,0.32,0.03,1.31,17068,8284.0,832.0,33304.0,6,1,1
2001,Personal theft/Larceny,Other,1.7,0.86,0.06,3.42,16184,8034.0,438.0,31931.0,6,1,1
2001,Personal theft/Larceny,White,0.8,0.17,0.46,1.13,132524,28639.0,76392.0,188657.0,44,0,0
2001,Rape/sexual assault,Black,3.8,0.88,2.06,5.51,105227,24760.0,56698.0,153756.0,12,0,0
2001,Rape/sexual assault,Hispanic,2.5,0.7,1.11,3.87,63239,18051.0,27859.0,98619.0,10,1,1
2001,Rape/sexual assault,Other,1.7,0.85,0.04,3.35,15747,7909.0,247.0,31248.0,6,1,1
2001,Rape/sexual assault,White,1.8,0.29,1.19,2.31,292365,47694.0,198886.0,385844.0,62,0,0
2001,Robbery,Black,3.6,0.85,1.92,5.26,99879,23963.0,52912.0,146846.0,27,0,0
2001,Robbery,Hispanic,6.2,1.24,3.8,8.67,158682,32120.0,95728.0,221636.0,48,0,0
2001,Robbery,Other,2.5,1.05,0.41,4.53,22952,9839.0,3668.0,42235.0,8,1,1
2001,Robbery,White,2.3,0.34,1.64,2.99,386224,57275.0,273967.0,498481.0,136,0,0
2001,Simple assault,Black,19.1,2.46,14.3,23.93,531587,70801.0,392819.0,670356.0,146,0,0
2001,Simple assault,Hispanic,25.9,3.07,19.87,31.91,658646,81709.0,498499.0,818793.0,160,0,0
2001,Simple assault,Other,23.0,4.0,15.12,30.82,213578,38881.0,137372.0,289783.0,41,0,0
2001,Simple assault,White,21.3,1.52,18.28,24.26,3544808,255808.0,3043433.0,4046183.0,894,0,0
2001,Violent crime excluding simple assault,Black,16.6,2.24,12.19,20.98,461125,64409.0,334885.0,587365.0,107,0,0
2001,Violent crime excluding simple assault,Hispanic,15.3,2.19,10.99,19.59,388901,57537.0,276130.0,501671.0,113,0,0
2001,Violent crime excluding simple assault,Other,6.8,1.91,3.07,10.57,63403,18080.0,27966.0,98839.0,23,0,0
2001,Violent crime excluding simple assault,White,9.7,0.89,7.93,11.44,1614553,149797.0,1320956.0,1908149.0,469,0,0
2001,Violent victimization,Black,35.7,3.66,28.52,42.89,992712,107705.0,781614.0,1203811.0,253,0,0
2001,Violent victimization,Hispanic,41.2,4.13,33.09,49.27,1047546,111693.0,828631.0,1266461.0,273,0,0
2001,Violent victimization,Other,29.8,4.7,20.58,39.0,276980,46038.0,186747.0,367214.0,64,0,0
2001,Violent victimization,White,31.0,1.96,27.11,34.8,5159360,329849.0,4512868.0,5805853.0,1363,0,0
2002,Aggravated assault,Black,10.3,1.83,6.68,13.84,290932,53330.0,186408.0,395456.0,54,0,0
2002,Aggravated assault,Hispanic,7.9,1.55,4.82,10.89,212113,42841.0,128146.0,296080.0,51,0,0
2002,Aggravated assault,Other,1.0,0.58,0.0,2.1,9169,5484.0,0.0,19917.0,4,1,1
2002,Aggravated assault,White,4.9,0.66,3.63,6.21,820305,110249.0,604221.0,1036389.0,206,0,0
2002,Personal theft/Larceny,Black,0.7,0.3,0.08,1.27,19095,8652.0,2138.0,36052.0,6,1,1
2002,Personal theft/Larceny,Hispanic,0.4,0.21,0.0,0.79,9978,5775.0,0.0,21297.0,4,1,1
2002,Personal theft/Larceny,Other,0.4,0.34,0.0,1.08,3837,3259.0,0.0,10224.0,2,1,1
2002,Personal theft/Larceny,White,0.7,0.18,0.39,1.08,122487,29396.0,64872.0,180101.0,43,0,0
2002,Rape/sexual assault,Black,3.4,0.86,1.68,5.07,95631,24854.0,46919.0,144344.0,20,0,0
2002,Rape/sexual assault,Hispanic,1.3,0.47,0.37,2.21,34884,12733.0,9928.0,59839.0,7,1,1
2002,Rape/sexual assault,Other,1.0,0.59,0.0,2.15,9416,5574.0,0.0,20341.0,3,1,1
2002,Rape/sexual assault,White,1.3,0.25,0.76,1.76,209873,42528.0,126520.0,293227.0,45,0,0
2002,Robbery,Black,4.2,0.99,2.21,6.11,118044,28666.0,61860.0,174229.0,36,0,0
2002,Robbery,Hispanic,3.2,0.84,1.52,4.82,85489,23044.0,40323.0,130655.0,30,0,0
2002,Robbery,Other,2.5,1.04,0.47,4.53,23647,9911.0,4222.0,43072.0,8,1,1
2002,Robbery,White,2.4,0.4,1.6,3.16,397211,66261.0,267342.0,527081.0,104,0,0
2002,Simple assault,Black,18.3,2.71,13.0,23.61,519221,79934.0,362554.0,675889.0,120,0,0
2002,Simple assault,Hispanic,17.6,2.68,12.39,22.87,475869,75194.0,328492.0,623246.0,127,0,0
2002,Simple assault,Other,12.4,2.92,6.72,18.15,117504,28577.0,61494.0,173513.0,32,0,0
2002,Simple assault,White,24.0,2.0,20.1,27.93,4005242,335832.0,3347022.0,4663461.0,910,0,0
2002,Violent crime excluding simple assault,Black,17.8,2.65,12.59,22.99,504607,78349.0,351046.0,658168.0,110,0,0
2002,Violent crime excluding simple assault,Hispanic,12.3,2.1,8.2,16.43,332486,58524.0,217781.0,447191.0,88,0,0
2002,Violent crime excluding simple assault,Other,4.5,1.5,1.53,7.41,42232,14424.0,13960.0,70503.0,15,0,0
2002,Violent crime excluding simple assault,White,8.6,0.97,6.65,10.46,1427390,162896.0,1108120.0,1746660.0,355,0,0
2002,Violent victimization,Black,36.1,4.27,27.73,44.46,1023828,128882.0,771225.0,1276432.0,230,0,0
2002,Violent victimization,Hispanic,29.9,3.82,22.46,37.44,808355,109116.0,594492.0,1022217.0,215,0,0
2002,Violent victimization,Other,16.9,3.57,9.91,23.9,159736,35244.0,90659.0,228812.0,47,0,0
2002,Violent victimization,White,32.6,2.46,27.75,37.4,5432632,414738.0,4619761.0,6245502.0,1265,0,0
2003,Aggravated assault,Black,6.3,1.3,3.77,8.86,171969,36004.0,101403.0,242535.0,47,0,0
2003,Aggravated assault,Hispanic,6.2,1.24,3.81,8.68,189044,38326.0,113927.0,264161.0,44,0,0
2003,Aggravated assault,Other,6.9,1.82,3.28,10.43,82116,22273.0,38461.0,125772.0,23,0,0
2003,Aggravated assault,White,5.4,0.66,4.13,6.7,919138,111711.0,700188.0,1138087.0,203,0,0
2003,Personal theft/Larceny,Black,1.5,0.53,0.48,2.55,41213,14427.0,12936.0,69490.0,13,0,0
2003,Personal theft/Larceny,Hispanic,1.9,0.57,0.73,2.98,56215,17514.0,21889.0,90540.0,10,1,1
2003,Personal theft/Larceny,Other,0.9,0.52,0.0,1.88,10270,6271.0,0.0,22561.0,4,1,1
2003,Personal theft/Larceny,White,0.6,0.15,0.3,0.89,101211,25477.0,51278.0,151144.0,35,0,0
2003,Rape/sexual assault,Black,0.9,0.38,0.14,1.63,24006,10365.0,3692.0,44321.0,7,1,1
2003,Rape/sexual assault,Hispanic,0.4,0.22,0.0,0.83,11841,6812.0,0.0,25192.0,4,1,1
2003,Rape/sexual assault,Other,1.0,0.57,0.0,2.1,11881,6826.0,0.0,25259.0,3,1,1
2003,Rape/sexual assault,White,1.6,0.29,1.06,2.2,277583,49493.0,180578.0,374588.0,51,0,0
2003,Robbery,Black,5.6,1.2,3.22,7.91,151340,33102.0,86461.0,216219.0,43,0,0
2003,Robbery,Hispanic,3.1,0.79,1.53,4.62,93004,24125.0,45719.0,140288.0,27,0,0
2003,Robbery,Other,5.6,1.6,2.44,8.72,66804,19530.0,28526.0,105082.0,15,0,0
2003,Robbery,White,2.3,0.37,1.61,3.06,397229,63000.0,273751.0,520706.0,89,0,0
2003,Simple assault,Black,23.1,3.03,17.17,29.03,628587,86086.0,459862.0,797312.0,116,0,0
2003,Simple assault,Hispanic,16.9,2.38,12.2,21.54,510718,74716.0,364278.0,657158.0,145,0,0
2003,Simple assault,Other,20.7,3.67,13.51,27.88,247853,45883.0,157925.0,337782.0,46,0,0
2003,Simple assault,White,22.9,1.77,19.48,26.4,3895938,302502.0,3303044.0,4488832.0,786,0,0
2003,Violent crime excluding simple assault,Black,12.8,2.05,8.74,16.78,347315,57538.0,234543.0,460086.0,97,0,0
2003,Violent crime excluding simple assault,Hispanic,9.7,1.66,6.46,12.96,293888,51424.0,193100.0,394677.0,75,0,0
2003,Violent crime excluding simple assault,Other,13.4,2.78,7.97,18.89,160801,34447.0,93286.0,228316.0,41,0,0
2003,Violent crime excluding simple assault,White,9.4,0.96,7.51,11.26,1593950,163294.0,1273900.0,1914000.0,343,0,0
2003,Violent victimization,Black,35.9,4.03,27.96,43.76,975901,116413.0,747736.0,1204067.0,213,0,0
2003,Violent victimization,Hispanic,26.6,3.21,20.28,32.87,804606,101949.0,604790.0,1004423.0,220,0,0
2003,Violent victimization,Other,34.1,5.04,24.26,44.0,408654,64221.0,282784.0,534525.0,87,0,0
2003,Violent victimization,White,32.3,2.23,27.95,36.69,5489888,382530.0,4740143.0,6239633.0,1129,0,0
2004,Aggravated assault,Black,8.4,1.45,5.6,11.27,233685,40869.0,153583.0,313788.0,50,0,0
2004,Aggravated assault,Hispanic,3.2,0.76,1.68,4.66,97848,23726.0,51346.0,144350.0,32,0,0
2004,Aggravated assault,Other,5.5,1.5,2.57,8.45,70443,19430.0,32361.0,108525.0,11,0,0
2004,Aggravated assault,White,6.0,0.62,4.74,7.19,1016681,106787.0,807382.0,1225980.0,198,0,0
2004,Personal theft/Larceny,Black,1.6,0.53,0.57,2.66,44739,14819.0,15695.0,73783.0,11,0,0
2004,Personal theft/Larceny,Hispanic,0.7,0.31,0.08,1.31,21455,9671.0,2500.0,40410.0,7,1,1
2004,Personal theft/Larceny,Other,1.5,0.7,0.11,2.85,18920,9002.0,1275.0,36564.0,6,1,1
2004,Personal theft/Larceny,White,0.8,0.17,0.48,1.15,138953,29463.0,81206.0,196699.0,43,0,0
2004,Rape/sexual assault,Black,1.8,0.56,0.67,2.87,48974,15633.0,18333.0,79614.0,14,0,0
2004,Rape/sexual assault,Hispanic,0.6,0.29,0.04,1.18,18883,8993.0,1258.0,36508.0,6,1,1
2004,Rape/sexual assault,Other,0.2,0.24,0.0,0.69,2710,3103.0,0.0,8793.0,1,1,1
2004,Rape/sexual assault,White,1.1,0.21,0.68,1.49,185201,35272.0,116069.0,254334.0,47,0,0
2004,Robbery,Black,6.1,1.18,3.75,8.37,167785,33148.0,102816.0,232754.0,29,0,0
2004,Robbery,Hispanic,2.8,0.7,1.39,4.14,85346,21826.0,42568.0,128125.0,25,0,0
2004,Robbery,Other,2.6,0.97,0.72,4.53,33523,12511.0,9003.0,58044.0,11,0,0
2004,Robbery,White,1.9,0.3,1.35,2.52,329765,50962.0,229880.0,429649.0,86,0,0
2004,Simple assault,Black,14.0,1.98,10.07,17.85,386773,56501.0,276033.0,497513.0,95,0,0
2004,Simple assault,Hispanic,13.6,1.88,9.9,17.26,419356,59550.0,302641.0,536071.0,117,0,0
2004,Simple assault,Other,24.4,3.68,17.19,31.63,312138,49190.0,215728.0,408548.0,52,0,0
2004,Simple assault,White,19.5,1.38,16.77,22.17,3316948,236456.0,2853503.0,3780392.0,758,0,0
2004,Violent crime excluding simple assault,Black,16.3,2.18,11.98,20.54,450444,62390.0,328162.0,572726.0,93,0,0
2004,Violent crime excluding simple assault,Hispanic,6.5,1.19,4.22,8.87,202078,37269.0,129031.0,275124.0,63,0,0
2004,Violent crime excluding simple assault,Other,8.3,1.92,4.58,12.11,106677,25018.0,57643.0,155711.0,23,0,0
2004,Violent crime excluding simple assault,White,9.0,0.82,7.38,10.6,1531647,140502.0,1256269.0,1807025.0,331,0,0
2004,Violent victimization,Black,30.2,3.23,23.89,36.54,837217,93838.0,653298.0,1021136.0,188,0,0
2004,Violent victimization,Hispanic,20.1,2.41,15.41,24.85,621434,77045.0,470429.0,772438.0,180,0,0
2004,Violent victimization,Other,32.8,4.41,24.11,41.4,418815,59500.0,302198.0,535432.0,75,0,0
2004,Violent victimization,White,28.5,1.78,24.99,31.95,4848595,305278.0,4250261.0,5446928.0,1089,0,0
2005,Aggravated assault,Black,9.3,1.7,6.02,12.67,260678,48386.0,165844.0,355513.0,49,0,0
2005,Aggravated assault,Hispanic,6.9,1.33,4.25,9.46,217707,43020.0,133389.0,302025.0,50,0,0
2005,Aggravated assault,Other,5.0,1.5,2.1,7.98,67928,20539.0,27671.0,108184.0,15,0,0
2005,Aggravated assault,White,4.3,0.56,3.19,5.39,735178,96466.0,546108.0,924249.0,158,0,0
2005,Personal theft/Larceny,Black,1.4,0.52,0.37,2.42,38918,14620.0,10264.0,67572.0,8,1,1
2005,Personal theft/Larceny,Hispanic,1.0,0.41,0.21,1.81,32156,13039.0,6600.0,57712.0,8,1,1
2005,Personal theft/Larceny,Other,0.2,0.23,0.0,0.62,2439,3040.0,0.0,8397.0,1,1,1
2005,Personal theft/Larceny,White,0.9,0.2,0.51,1.31,155946,34678.0,87978.0,223915.0,36,0,0
2005,Rape/sexual assault,Black,1.9,0.62,0.64,3.06,51664,17360.0,17639.0,85689.0,12,0,0
2005,Rape/sexual assault,Hispanic,1.1,0.44,0.27,1.98,35774,13898.0,8534.0,63013.0,9,1,1
2005,Rape/sexual assault,Other,0.6,0.45,0.0,1.5,8467,6023.0,0.0,20271.0,3,1,1
2005,Rape/sexual assault,White,0.7,0.16,0.33,0.97,111856,28061.0,56858.0,166853.0,29,0,0
2005,Robbery,Black,4.2,1.02,2.18,6.18,116645,28815.0,60167.0,173122.0,26,0,0
2005,Robbery,Hispanic,4.0,0.94,2.11,5.8,125610,30202.0,66415.0,184806.0,30,0,0
2005,Robbery,Other,5.1,1.51,2.11,8.02,68310,20611.0,27914.0,108706.0,9,1,1
2005,Robbery,White,2.7,0.41,1.87,3.48,458583,70283.0,320831.0,596336.0,96,0,0
2005,Simple assault,Black,17.3,2.52,12.4,22.28,483651,72824.0,340918.0,626383.0,82,0,0
2005,Simple assault,Hispanic,13.9,2.1,9.82,18.05,442605,68642.0,308070.0,577141.0,116,0,0
2005,Simple assault,Other,23.6,3.9,15.9,31.21,317604,55090.0,209630.0,425579.0,55,0,0
2005,Simple assault,White,20.1,1.6,16.97,23.24,3445535,276266.0,2904063.0,3987006.0,606,0,0
2005,Violent crime excluding simple assault,Black,15.4,2.33,10.8,19.95,428986,67228.0,297222.0,560751.0,87,0,0
2005,Violent crime excluding simple assault,Hispanic,11.9,1.9,8.21,15.66,379091,61927.0,257716.0,500466.0,89,0,0
2005,Violent crime excluding simple assault,Other,10.7,2.39,6.05,15.42,144705,33055.0,79918.0,209492.0,27,0,0
2005,Violent crime excluding simple assault,White,7.6,0.83,6.0,9.24,1305617,142415.0,1026490.0,1584745.0,283,0,0
2005,Violent victimization,Black,32.7,3.79,25.28,40.16,912637,111654.0,693799.0,1131475.0,169,0,0
2005,Violent victimization,Hispanic,25.9,3.13,19.73,32.01,821696,103996.0,617869.0,1025524.0,205,0,0
2005,Violent victimization,Other,34.3,4.94,24.61,43.97,462309,70664.0,323811.0,600807.0,82,0,0
2005,Violent victimization,White,27.7,1.99,23.83,31.62,4751152,343801.0,4077314.0,5424990.0,889,0,0
2006,Aggravated assault,Black,16.3,2.33,11.73,20.85,464967,68599.0,330516.0,599418.0,63,0,0
2006,Aggravated assault,Hispanic,7.3,1.35,4.63,9.92,226450,42847.0,142472.0,310428.0,48,0,0
2006,Aggravated assault,Other,7.0,1.75,3.62,10.46,102464,25893.0,51716.0,153213.0,29,0,0
2006,Aggravated assault,White,5.5,0.64,4.29,6.81,959937,111374.0,741649.0,1178226.0,233,0,0
2006,Personal theft/Larceny,Black,0.8,0.38,0.1,1.57,23859,10747.0,2795.0,44922.0,5,1,1
2006,Personal theft/Larceny,Hispanic,0.6,0.3,0.02,1.21,19223,9481.0,641.0,37805.0,6,1,1
2006,Personal theft/Larceny,Other,2.3,0.89,0.53,4.01,33034,13010.0,7535.0,58534.0,8,1,1
2006,Personal theft/Larceny,White,0.6,0.14,0.28,0.84,97108,25040.0,48030.0,146186.0,28,0,0
2006,Rape/sexual assault,Black,3.1,0.82,1.47,4.67,87724,23508.0,41649.0,133800.0,9,1,1
2006,Rape/sexual assault,Hispanic,0.9,0.38,0.15,1.63,27739,11737.0,4734.0,50743.0,7,1,1
2006,Rape/sexual assault,Other,1.1,0.58,0.0,2.2,15641,8421.0,0.0,32146.0,4,1,1
2006,Rape/sexual assault,White,1.9,0.32,1.3,2.54,332495,55005.0,224686.0,440303.0,58,0,0
2006,Robbery,Black,3.7,0.92,1.94,5.55,106864,26582.0,54765.0,158963.0,26,0,0
2006,Robbery,Hispanic,4.9,1.05,2.81,6.93,151537,33127.0,86608.0,216465.0,32,0,0
2006,Robbery,Other,6.1,1.6,2.96,9.23,88701,23670.0,42308.0,135094.0,11,0,0
2006,Robbery,White,3.4,0.46,2.48,4.29,585296,79931.0,428634.0,741957.0,123,0,0
2006,Simple assault,Black,22.2,2.84,16.67,27.8,634616,84364.0,469266.0,799967.0,116,0,0
2006,Simple assault,Hispanic,19.2,2.52,14.31,24.18,599063,81180.0,439954.0,758172.0,134,0,0
2006,Simple assault,Other,30.1,4.3,21.69,38.55,438363,65976.0,309052.0,567675.0,75,0,0
2006,Simple assault,White,20.9,1.57,17.78,23.93,3608572,273623.0,3072282.0,4144863.0,782,0,0
2006,Violent crime excluding simple assault,Black,23.1,2.91,17.4,28.81,659555,86565.0,489891.0,829220.0,98,0,0
2006,Violent crime excluding simple assault,Hispanic,13.0,1.96,9.19,16.88,405726,62692.0,282853.0,528599.0,87,0,0
2006,Violent crime excluding simple assault,Other,14.2,2.69,8.93,19.49,206806,40413.0,127599.0,286013.0,44,0,0
2006,Violent crime excluding simple assault,White,10.9,1.01,8.88,12.83,1877727,175465.0,1533822.0,2221633.0,414,0,0
2006,Violent victimization,Black,45.3,4.47,36.57,54.1,1294172,136292.0,1027044.0,1561299.0,214,0,0
2006,Violent victimization,Hispanic,32.3,3.51,25.41,39.15,1004789,114857.0,779674.0,1229904.0,221,0,0
2006,Violent victimization,Other,44.3,5.47,33.61,55.04,645169,85299.0,477987.0,812351.0,119,0,0
2006,Violent victimization,White,31.7,2.08,27.64,35.79,5486300,363393.0,4774062.0,6198538.0,1196,0,0
2007,Aggravated assault,Black,10.2,1.69,6.91,13.54,292710,50093.0,194531.0,390890.0,39,0,0
2007,Aggravated assault,Hispanic,3.0,0.67,1.72,4.36,104646,23567.0,58455.0,150836.0,32,0,0
2007,Aggravated assault,Other,3.8,0.98,1.87,5.72,57589,15229.0,27742.0,87437.0,15,0,0
2007,Aggravated assault,White,4.4,0.58,3.29,5.59,763978,101080.0,565865.0,962091.0,177,0,0
2007,Personal theft/Larceny,Black,2.0,0.52,0.97,3.02,57178,15149.0,27486.0,86870.0,13,0,0
2007,Personal theft/Larceny,Hispanic,1.0,0.3,0.4,1.57,33808,10333.0,13555.0,54062.0,11,0,0
2007,Personal theft/Larceny,Other,0.7,0.29,0.13,1.27,10628,4489.0,1830.0,19425.0,4,1,1
2007,Personal theft/Larceny,White,0.7,0.15,0.42,1.03,124150,26710.0,71799.0,176501.0,29,0,0
2007,Rape/sexual assault,Black,0.5,0.21,0.14,0.95,15673,5929.0,4053.0,27293.0,5,1,1
2007,Rape/sexual assault,Hispanic,0.3,0.12,0.04,0.53,9825,4244.0,1507.0,18143.0,3,1,1
2007,Rape/sexual assault,Other,2.2,0.67,0.91,3.53,33709,10311.0,13500.0,53919.0,8,1,1
2007,Rape/sexual assault,White,1.1,0.21,0.69,1.51,189069,36357.0,117811.0,260327.0,58,0,0
2007,Robbery,Black,8.4,1.47,5.51,11.26,239978,43303.0,155105.0,324851.0,43,0,0
2007,Robbery,Hispanic,3.9,0.8,2.3,5.45,133502,28170.0,78289.0,188714.0,38,0,0
2007,Robbery,Other,2.8,0.8,1.28,4.41,43233,12356.0,19015.0,67451.0,13,0,0
2007,Robbery,White,2.1,0.34,1.42,2.75,358810,58155.0,244828.0,472791.0,89,0,0
2007,Simple assault,Black,15.7,2.3,11.2,20.2,449531,68595.0,315088.0,583974.0,114,0,0
2007,Simple assault,Hispanic,15.2,2.14,11.02,19.41,523821,76719.0,373454.0,674188.0,115,0,0
2007,Simple assault,Other,20.0,3.2,13.71,26.27,303360,51422.0,202574.0,404145.0,59,0,0
2007,Simple assault,White,19.1,1.67,15.86,22.42,3294750,290711.0,2724967.0,3864532.0,780,0,0
2007,Violent crime excluding simple assault,Black,19.2,2.64,13.98,24.33,548362,79332.0,392873.0,703850.0,87,0,0
2007,Violent crime excluding simple assault,Hispanic,7.2,1.25,4.74,9.66,247972,44356.0,161035.0,334909.0,73,0,0
2007,Violent crime excluding simple assault,Other,8.9,1.8,5.33,12.4,134532,28329.0,79008.0,190056.0,36,0,0
2007,Violent crime excluding simple assault,White,7.6,0.87,5.93,9.32,1311856,149813.0,1018228.0,1605484.0,324,0,0
2007,Violent victimization,Black,34.9,4.01,26.99,42.71,997893,122804.0,757202.0,1238583.0,201,0,0
2007,Violent victimization,Hispanic,22.4,2.81,16.9,27.94,771793,101833.0,572203.0,971383.0,188,0,0
2007,Violent victimization,Other,28.9,4.14,20.74,36.96,437891,67290.0,306006.0,569777.0,95,0,0
2007,Violent victimization,White,26.8,2.12,22.61,30.92,4606606,368749.0,3883871.0,5329341.0,1104,0,0
2008,Aggravated assault,Black,5.4,1.32,2.81,7.99,155868,38656.0,80104.0,231631.0,36,0,0
2008,Aggravated assault,Hispanic,3.5,0.94,1.61,5.31,119453,32846.0,55077.0,183829.0,30,0,0
2008,Aggravated assault,Other,3.5,1.33,0.94,6.13,54184,20484.0,14037.0,94331.0,12,0,0
2008,Aggravated assault,White,3.7,0.54,2.62,4.75,639711,94697.0,454108.0,825314.0,143,0,0
2008,Personal theft/Larceny,Black,0.6,0.36,0.0,1.27,16433,10361.0,0.0,36740.0,4,1,1
2008,Personal theft/Larceny,Hispanic,0.7,0.37,0.0,1.4,23507,12666.0,0.0,48332.0,6,1,1
2008,Personal theft/Larceny,Other,2.7,1.14,0.5,4.99,42014,17660.0,7401.0,76627.0,3,1,1
2008,Personal theft/Larceny,White,0.5,0.16,0.2,0.82,89226,27537.0,35255.0,143197.0,27,0,0
2008,Rape/sexual assault,Black,2.0,0.73,0.55,3.39,56839,21067.0,15548.0,98129.0,16,0,0
2008,Rape/sexual assault,Hispanic,1.7,0.61,0.47,2.87,57545,21220.0,15954.0,99136.0,7,1,1
2008,Rape/sexual assault,Other,0.9,0.59,0.0,2.01,13044,9115.0,0.0,30908.0,3,1,1
2008,Rape/sexual assault,White,1.3,0.28,0.74,1.82,222264,48181.0,127830.0,316698.0,35,0,0
2008,Robbery,Black,5.1,1.27,2.57,7.54,145832,37106.0,73106.0,218557.0,34,0,0
2008,Robbery,Hispanic,4.0,1.03,2.0,6.04,138701,35982.0,68177.0,209224.0,29,0,0
2008,Robbery,Other,2.8,1.16,0.54,5.1,43187,17944.0,8017.0,78357.0,11,0,0
2008,Robbery,White,2.0,0.37,1.3,2.75,352070,64429.0,225791.0,478348.0,72,0,0
2008,Simple assault,Black,16.1,2.59,11.03,21.17,464563,76964.0,313717.0,615409.0,96,0,0
2008,Simple assault,Hispanic,11.2,1.93,7.39,14.97,385827,68310.0,251941.0,519712.0,85,0,0
2008,Simple assault,Other,16.9,3.36,10.35,23.51,259298,53076.0,155272.0,363325.0,52,0,0
2008,Simple assault,White,18.9,1.6,15.79,22.06,3285086,280774.0,2734779.0,3835392.0,683,0,0
2008,Violent crime excluding simple assault,Black,12.4,2.2,8.11,16.75,358538,65182.0,230784.0,486291.0,86,0,0
2008,Violent crime excluding simple assault,Hispanic,9.1,1.71,5.8,12.5,315699,60110.0,197886.0,433513.0,66,0,0
2008,Violent crime excluding simple assault,Other,7.2,2.01,3.27,11.15,110415,31313.0,49042.0,171788.0,26,0,0
2008,Violent crime excluding simple assault,White,7.0,0.83,5.37,8.62,1214045,144332.0,931160.0,1496930.0,250,0,0
2008,Violent victimization,Black,28.5,3.7,21.28,35.77,823101,111674.0,604224.0,1041978.0,182,0,0
2008,Violent victimization,Hispanic,20.3,2.81,14.82,25.84,701526,100573.0,504407.0,898644.0,151,0,0
2008,Violent victimization,Other,24.1,4.16,15.98,32.3,369713,66472.0,239431.0,499996.0,78,0,0
2008,Violent victimization,White,25.9,1.97,22.06,29.78,4499131,346765.0,3819485.0,5178777.0,933,0,0
2009,Aggravated assault,Black,8.2,1.75,4.8,11.67,243919,53108.0,139830.0,348008.0,47,0,0
2009,Aggravated assault,Hispanic,5.4,1.26,2.95,7.88,191648,45234.0,102991.0,280305.0,34,0,0
2009,Aggravated assault,Other,3.8,1.35,1.19,6.49,59310,21169.0,17819.0,100800.0,13,0,0
2009,Aggravated assault,White,3.1,0.52,2.06,4.09,534397,90232.0,357546.0,711248.0,128,0,0
2009,Personal theft/Larceny,Black,1.1,0.49,0.14,2.05,32309,14506.0,3877.0,60740.0,8,1,1
2009,Personal theft/Larceny,Hispanic,0.5,0.28,0.0,1.04,17267,9936.0,0.0,36742.0,5,1,1
2009,Personal theft/Larceny,Other,0.2,0.24,0.0,0.68,3165,3762.0,0.0,10538.0,1,1,1
2009,Personal theft/Larceny,White,0.5,0.15,0.17,0.75,80469,25698.0,30101.0,130837.0,25,0,0
2009,Rape/sexual assault,Black,1.3,0.55,0.24,2.38,38802,16238.0,6975.0,70629.0,10,1,1
2009,Rape/sexual assault,Hispanic,0.5,0.29,0.0,1.08,18287,10282.0,0.0,38439.0,6,1,1
2009,Rape/sexual assault,Other,0.0,,,,0,,,,0,2,2
2009,Rape/sexual assault,White,1.4,0.31,0.83,2.04,248485,53770.0,143098.0,353872.0,24,0,0
2009,Robbery,Black,7.3,1.61,4.09,10.42,214865,48802.0,119215.0,310515.0,39,0,0
2009,Robbery,Hispanic,3.4,0.93,1.57,5.21,120055,33270.0,54847.0,185262.0,32,0,0
2009,Robbery,Other,1.1,0.64,0.0,2.36,17116,9884.0,0.0,36489.0,5,1,1
2009,Robbery,White,1.6,0.34,0.97,2.29,283037,58670.0,168046.0,398028.0,67,0,0
2009,Simple assault,Black,13.8,2.45,8.95,18.57,407432,75021.0,260393.0,554471.0,91,0,0
2009,Simple assault,Hispanic,12.9,2.22,8.53,17.23,455604,80937.0,296969.0,614238.0,108,0,0
2009,Simple assault,Other,10.7,2.58,5.63,15.74,164977,40970.0,84678.0,245276.0,41,0,0
2009,Simple assault,White,15.4,1.56,12.32,18.44,2671303,274104.0,2134069.0,3208537.0,572,0,0
2009,Violent crime excluding simple assault,Black,16.8,2.8,11.32,22.29,497586,85944.0,329139.0,666033.0,96,0,0
2009,Violent crime excluding simple assault,Hispanic,9.3,1.79,5.81,12.85,329990,65052.0,202490.0,457490.0,72,0,0
2009,Violent crime excluding simple assault,Other,4.9,1.58,1.84,8.05,76426,24866.0,27690.0,125161.0,18,0,0
2009,Violent crime excluding simple assault,White,6.1,0.83,4.51,7.76,1065919,145019.0,781687.0,1350151.0,219,0,0
2009,Violent victimization,Black,30.6,4.14,22.45,38.68,905018,129532.0,651140.0,1158897.0,187,0,0
2009,Violent victimization,Hispanic,22.2,3.18,15.97,28.44,785593,117504.0,555289.0,1015898.0,180,0,0
2009,Violent victimization,Other,15.6,3.29,9.18,22.08,241403,52741.0,138033.0,344774.0,59,0,0
2009,Violent victimization,White,21.5,1.96,17.67,25.37,3737222,345851.0,3059366.0,4415078.0,791,0,0
2010,Aggravated assault,Black,5.7,1.26,3.18,8.14,171957,39204.0,95120.0,248795.0,41,0,0
2010,Aggravated assault,Hispanic,3.2,0.82,1.61,4.82,115164,29775.0,56806.0,173522.0,26,0,0
2010,Aggravated assault,Other,5.4,1.5,2.48,8.38,86996,24610.0,38762.0,135230.0,15,0,0
2010,Aggravated assault,White,2.8,0.46,1.88,3.69,483634,80652.0,325559.0,641709.0,135,0,0
2010,Personal theft/Larceny,Black,0.9,0.38,0.19,1.69,28536,11762.0,5484.0,51588.0,7,1,1
2010,Personal theft/Larceny,Hispanic,0.8,0.34,0.18,1.5,30093,12173.0,6233.0,53952.0,8,1,1
2010,Personal theft/Larceny,Other,0.5,0.33,0.0,1.13,7910,5253.0,0.0,18206.0,2,1,1
2010,Personal theft/Larceny,White,0.4,0.12,0.17,0.66,71802,21623.0,29422.0,114183.0,21,0,0
2010,Rape/sexual assault,Black,1.1,0.42,0.25,1.9,32774,12868.0,7553.0,57995.0,7,1,1
2010,Rape/sexual assault,Hispanic,0.8,0.34,0.18,1.51,30272,12220.0,6320.0,54224.0,10,1,1
2010,Rape/sexual assault,Other,0.7,0.39,0.0,1.43,10584,6280.0,0.0,22892.0,4,1,1
2010,Rape/sexual assault,White,1.1,0.25,0.64,1.6,194944,42754.0,111148.0,278741.0,38,0,0
2010,Robbery,Black,3.6,0.94,1.79,5.46,110199,28894.0,53569.0,166830.0,32,0,0
2010,Robbery,Hispanic,2.7,0.72,1.25,4.08,95599,26232.0,44184.0,147014.0,26,0,0
2010,Robbery,Other,2.4,0.89,0.69,4.17,38883,14389.0,10681.0,67085.0,12,0,0
2010,Robbery,White,1.9,0.35,1.18,2.55,323828,60865.0,204534.0,443122.0,78,0,0
2010,Simple assault,Black,15.5,2.51,10.62,20.46,471879,79268.0,316517.0,627241.0,96,0,0
2010,Simple assault,Hispanic,10.1,1.79,6.62,13.62,362765,65902.0,233601.0,491930.0,110,0,0
2010,Simple assault,Other,14.2,2.85,8.57,19.74,226739,47476.0,133688.0,319790.0,51,0,0
2010,Simple assault,White,12.5,1.33,9.93,15.16,2179765,233900.0,1721330.0,2638199.0,515,0,0
2010,Violent crime excluding simple assault,Black,10.4,1.91,6.63,14.11,314931,59691.0,197939.0,431923.0,80,0,0
2010,Violent crime excluding simple assault,Hispanic,6.7,1.35,4.08,9.38,241035,49536.0,143945.0,338124.0,62,0,0
2010,Violent crime excluding simple assault,Other,8.5,2.03,4.54,12.5,136463,33440.0,70923.0,202004.0,31,0,0
2010,Violent crime excluding simple assault,White,5.8,0.77,4.26,7.28,1002406,134953.0,737904.0,1266909.0,251,0,0
2010,Violent victimization,Black,25.9,3.55,18.95,32.86,786810,113699.0,563964.0,1009656.0,176,0,0
2010,Violent victimization,Hispanic,16.8,2.53,11.89,21.81,603800,94305.0,418966.0,788634.0,172,0,0
2010,Violent victimization,Other,22.7,3.9,15.03,30.33,363202,65957.0,233928.0,492476.0,82,0,0
2010,Violent victimization,White,18.3,1.74,14.91,21.72,3182171,305456.0,2583488.0,3780854.0,766,0,0
2011,Aggravated assault,Black,6.1,1.22,3.73,8.5,188229,38217.0,113324.0,263133.0,52,0,0
2011,Aggravated assault,Hispanic,3.3,0.75,1.78,4.73,122133,28656.0,65969.0,178297.0,38,0,0
2011,Aggravated assault,Other,4.0,1.15,1.78,6.28,67010,19368.0,29050.0,104971.0,24,0,0
2011,Aggravated assault,White,3.9,0.53,2.88,4.95,676020,91477.0,496728.0,855311.0,166,0,0
2011,Personal theft/Larceny,Black,1.0,0.37,0.23,1.69,29507,11528.0,6913.0,52101.0,9,1,1
2011,Personal theft/Larceny,Hispanic,0.8,0.31,0.2,1.42,30287,11716.0,7324.0,53249.0,9,1,1
2011,Personal theft/Larceny,Other,1.3,0.57,0.2,2.45,22021,9626.0,3154.0,40887.0,9,1,1
2011,Personal theft/Larceny,White,0.5,0.13,0.23,0.74,83956,22412.0,40028.0,127883.0,24,0,0
2011,Rape/sexual assault,Black,1.2,0.42,0.34,1.99,35965,13042.0,10404.0,61526.0,9,1,1
2011,Rape/sexual assault,Hispanic,1.3,0.42,0.47,2.1,48225,15692.0,17469.0,78981.0,16,0,0
2011,Rape/sexual assault,Other,0.1,0.11,0.0,0.28,1190,1810.0,0.0,4738.0,1,1,1
2011,Rape/sexual assault,White,0.9,0.2,0.53,1.31,158808,34111.0,91951.0,225664.0,44,0,0
2011,Robbery,Black,3.5,0.85,1.85,5.16,107880,26406.0,56125.0,159635.0,28,0,0
2011,Robbery,Hispanic,2.6,0.66,1.34,3.92,98772,24921.0,49927.0,147616.0,32,0,0
2011,Robbery,Other,3.3,1.01,1.32,5.28,54892,17041.0,21492.0,88292.0,14,0,0
2011,Robbery,White,1.7,0.3,1.13,2.3,295714,51852.0,194086.0,397342.0,75,0,0
2011,Simple assault,Black,15.6,2.26,11.16,20.04,480100,72233.0,338526.0,621673.0,80,0,0
2011,Simple assault,Hispanic,16.7,2.23,12.32,21.06,626304,86768.0,456241.0,796367.0,130,0,0
2011,Simple assault,Other,15.8,2.76,10.34,21.17,262094,47774.0,168459.0,355729.0,56,0,0
2011,Simple assault,White,15.0,1.34,12.38,17.62,2589188,233096.0,2132327.0,3046048.0,582,0,0
2011,Violent crime excluding simple assault,Black,10.8,1.77,7.32,14.26,332074,56113.0,222095.0,442052.0,89,0,0
2011,Violent crime excluding simple assault,Hispanic,7.2,1.27,4.68,9.66,269130,48639.0,173798.0,364461.0,86,0,0
2011,Violent crime excluding simple assault,Other,7.4,1.69,4.08,10.71,123092,28804.0,66637.0,179547.0,39,0,0
2011,Violent crime excluding simple assault,White,6.5,0.75,5.08,8.02,1130542,130752.0,874272.0,1386811.0,285,0,0
2011,Violent victimization,Black,26.4,3.21,20.1,32.68,812173,103885.0,608562.0,1015785.0,169,0,0
2011,Violent victimization,Hispanic,23.9,2.83,18.32,29.41,895434,111171.0,677542.0,1113326.0,216,0,0
2011,Violent victimization,Other,23.2,3.55,16.2,30.11,385186,62099.0,263474.0,506899.0,95,0,0
2011,Violent victimization,White,21.6,1.71,18.19,24.91,3719729,299982.0,3131776.0,4307682.0,867,0,0
2012,Aggravated assault,Black,5.6,1.13,3.42,7.84,180355,36577.0,108667.0,252044.0,50,0,0
2012,Aggravated assault,Hispanic,5.3,1.0,3.34,7.25,211287,40333.0,132235.0,290339.0,44,0,0
2012,Aggravated assault,Other,3.7,1.11,1.52,5.88,65425,19878.0,26465.0,104385.0,18,0,0
2012,Aggravated assault,White,3.1,0.42,2.3,3.95,539039,72917.0,396125.0,681953.0,154,0,0
2012,Personal theft/Larceny,Black,0.5,0.27,0.0,1.0,15035,8610.0,0.0,31911.0,5,1,1
2012,Personal theft/Larceny,Hispanic,0.6,0.29,0.07,1.19,24942,11418.0,2564.0,47320.0,8,1,1
2012,Personal theft/Larceny,Other,0.7,0.43,0.0,1.52,11999,7606.0,0.0,26907.0,5,1,1
2012,Personal theft/Larceny,White,0.6,0.15,0.3,0.88,101606,25811.0,51017.0,152196.0,36,0,0
2012,Rape/sexual assault,Black,0.6,0.31,0.0,1.2,19277,9883.0,0.0,38647.0,7,1,1
2012,Rape/sexual assault,Hispanic,0.8,0.32,0.13,1.38,30090,12695.0,5208.0,54973.0,10,1,1
2012,Rape/sexual assault,Other,4.5,1.24,2.03,6.9,79007,22218.0,35461.0,122552.0,7,1,1
2012,Rape/sexual assault,White,1.3,0.24,0.8,1.73,218456,41177.0,137751.0,299162.0,50,0,0
2012,Robbery,Black,5.1,1.06,3.0,7.15,162751,34341.0,95444.0,230057.0,45,0,0
2012,Robbery,Hispanic,3.2,0.74,1.78,4.68,128692,29763.0,70358.0,187026.0,38,0,0
2012,Robbery,Other,2.4,0.87,0.7,4.11,42534,15473.0,12206.0,72861.0,13,0,0
2012,Robbery,White,2.4,0.35,1.67,3.06,407780,60980.0,288261.0,527299.0,105,0,0
2012,Simple assault,Black,22.9,2.68,17.67,28.16,734157,89061.0,559601.0,908712.0,130,0,0
2012,Simple assault,Hispanic,15.2,1.92,11.44,18.96,606251,78660.0,452079.0,760423.0,170,0,0
2012,Simple assault,Other,13.1,2.35,8.47,17.69,231353,42672.0,147718.0,314988.0,60,0,0
2012,Simple assault,White,18.5,1.35,15.84,21.13,3186141,235403.0,2724760.0,3647523.0,760,0,0
2012,Violent crime excluding simple assault,Black,11.3,1.73,7.93,14.69,362382,56572.0,251503.0,473262.0,102,0,0
2012,Violent crime excluding simple assault,Hispanic,9.3,1.41,6.51,12.04,370069,57331.0,257703.0,482435.0,92,0,0
2012,Violent crime excluding simple assault,Other,10.6,2.07,6.51,14.62,186965,37397.0,113669.0,260261.0,38,0,0
2012,Violent crime excluding simple assault,White,6.8,0.69,5.4,8.12,1165275,120542.0,929016.0,1401533.0,309,0,0
2012,Violent victimization,Black,34.2,3.43,27.49,40.96,1096539,115810.0,869557.0,1323522.0,232,0,0
2012,Violent victimization,Hispanic,24.5,2.59,19.41,29.55,976320,107299.0,766017.0,1186622.0,262,0,0
2012,Violent victimization,Other,23.6,3.36,17.05,30.24,418318,61980.0,296839.0,539797.0,98,0,0
2012,Violent victimization,White,25.2,1.66,21.99,28.49,4351416,290013.0,3783002.0,4919830.0,1069,0,0
2013,Aggravated assault,Black,6.0,1.31,3.45,8.6,195588,43615.0,110104.0,281072.0,35,0,0
2013,Aggravated assault,Hispanic,3.7,0.87,1.95,5.37,150105,36317.0,78924.0,221285.0,49,0,0
2013,Aggravated assault,Other,2.9,0.96,1.0,4.78,53201,17961.0,17998.0,88405.0,17,0,0
2013,Aggravated assault,White,3.4,0.55,2.37,4.53,595326,95208.0,408721.0,781930.0,158,0,0
2013,Personal theft/Larceny,Black,1.4,0.48,0.41,2.3,44003,15833.0,12971.0,75035.0,9,1,1
2013,Personal theft/Larceny,Hispanic,0.7,0.28,0.12,1.22,27403,11608.0,4653.0,50154.0,10,1,1
2013,Personal theft/Larceny,Other,0.4,0.26,0.0,0.89,6864,4864.0,0.0,16396.0,3,1,1
2013,Personal theft/Larceny,White,0.4,0.12,0.13,0.59,62333,19969.0,23195.0,101471.0,21,0,0
2013,Rape/sexual assault,Black,0.7,0.32,0.09,1.33,23026,10372.0,2696.0,43355.0,7,1,1
2013,Rape/sexual assault,Hispanic,0.7,0.28,0.11,1.21,27101,11524.0,4514.0,49689.0,8,1,1
2013,Rape/sexual assault,Other,2.0,0.75,0.5,3.42,36032,13879.0,8831.0,63234.0,11,0,0
2013,Rape/sexual assault,White,1.2,0.27,0.71,1.77,214006,46429.0,123006.0,305006.0,51,0,0
2013,Robbery,Black,2.7,0.77,1.22,4.23,88561,25310.0,38955.0,138167.0,24,0,0
2013,Robbery,Hispanic,3.2,0.79,1.61,4.71,129419,32794.0,65143.0,193695.0,39,0,0
2013,Robbery,Other,3.9,1.18,1.61,6.22,72046,22011.0,28905.0,115188.0,14,0,0
2013,Robbery,White,2.1,0.38,1.31,2.81,355618,66217.0,225835.0,485400.0,71,0,0
2013,Simple assault,Black,15.6,2.52,10.7,20.58,507887,85103.0,341088.0,674685.0,113,0,0
2013,Simple assault,Hispanic,17.3,2.53,12.35,22.26,709047,107742.0,497876.0,920218.0,145,0,0
2013,Simple assault,Other,16.4,3.07,10.39,22.42,301883,59030.0,186186.0,417580.0,63,0,0
2013,Simple assault,White,15.5,1.58,12.37,18.55,2667578,275587.0,2127436.0,3207719.0,628,0,0
2013,Violent crime excluding simple assault,Black,9.5,1.79,5.95,12.96,307175,59753.0,190061.0,424289.0,66,0,0
2013,Violent crime excluding simple assault,Hispanic,7.5,1.42,4.7,10.27,306625,59678.0,189658.0,423593.0,96,0,0
2013,Violent crime excluding simple assault,Other,8.8,2.01,4.82,12.71,161280,38163.0,86483.0,236078.0,42,0,0
2013,Violent crime excluding simple assault,White,6.8,0.88,5.02,8.48,1164949,153201.0,864681.0,1465217.0,280,0,0
2013,Violent victimization,Black,25.1,3.48,18.29,31.91,815061,118919.0,581984.0,1048139.0,179,0,0
2013,Violent victimization,Hispanic,24.8,3.23,18.46,31.12,1015672,138998.0,743240.0,1288104.0,241,0,0
2013,Violent victimization,Other,25.2,4.09,17.14,33.19,463163,79746.0,306864.0,619463.0,105,0,0
2013,Violent victimization,White,22.2,2.03,18.23,26.19,3832527,355777.0,3135217.0,4529836.0,908,0,0
2014,Aggravated assault,Black,4.8,1.07,2.72,6.91,157914,35621.0,88098.0,227730.0,32,0,0
2014,Aggravated assault,Hispanic,3.2,0.77,1.73,4.73,133932,32039.0,71136.0,196727.0,46,0,0
2014,Aggravated assault,Other,4.7,1.28,2.15,7.17,87996,24535.0,39908.0,136084.0,19,0,0
2014,Aggravated assault,White,4.1,0.55,3.02,5.19,712249,96741.0,522639.0,901858.0,162,0,0
2014,Personal theft/Larceny,Black,0.8,0.36,0.12,1.54,27262,11973.0,3795.0,50728.0,8,1,1
2014,Personal theft/Larceny,Hispanic,0.3,0.19,0.0,0.7,13531,7944.0,0.0,29101.0,5,1,1
2014,Personal theft/Larceny,Other,0.7,0.41,0.0,1.51,13207,7834.0,0.0,28562.0,5,1,1
2014,Personal theft/Larceny,White,0.3,0.1,0.1,0.5,51919,17674.0,17278.0,86560.0,18,0,0
2014,Rape/sexual assault,Black,1.5,0.52,0.5,2.55,50109,17294.0,16214.0,84004.0,14,0,0
2014,Rape/sexual assault,Hispanic,1.9,0.55,0.83,2.98,78772,22888.0,33913.0,123631.0,13,0,0
2014,Rape/sexual assault,Other,0.5,0.32,0.0,1.09,8554,6116.0,0.0,20541.0,3,1,1
2014,Rape/sexual assault,White,0.8,0.2,0.46,1.23,146911,34001.0,80271.0,213550.0,39,0,0
2014,Robbery,Black,3.8,0.92,1.98,5.58,124029,30502.0,64246.0,183811.0,31,0,0
2014,Robbery,Hispanic,3.2,0.76,1.69,4.66,131509,31666.0,69444.0,193574.0,37,0,0
2014,Robbery,Other,2.6,0.89,0.83,4.31,48535,16959.0,15296.0,81774.0,11,0,0
2014,Robbery,White,2.1,0.35,1.39,2.76,360138,61172.0,240242.0,480034.0,87,0,0
2014,Simple assault,Black,12.4,1.96,8.54,16.24,406475,66314.0,276502.0,536448.0,99,0,0
2014,Simple assault,Hispanic,7.9,1.35,5.2,10.5,325163,57158.0,213135.0,437191.0,112,0,0
2014,Simple assault,Other,15.3,2.7,10.01,20.61,289122,52881.0,185477.0,392768.0,67,0,0
2014,Simple assault,White,13.2,1.23,10.83,15.65,2298163,215686.0,1875425.0,2720900.0,567,0,0
2014,Violent crime excluding simple assault,Black,10.1,1.72,6.74,13.5,332052,57959.0,218455.0,445649.0,77,0,0
2014,Violent crime excluding simple assault,Hispanic,8.3,1.4,5.56,11.06,344213,59360.0,227869.0,460556.0,96,0,0
2014,Violent crime excluding simple assault,Other,7.7,1.75,4.25,11.11,145085,33728.0,78979.0,211191.0,33,0,0
2014,Violent crime excluding simple assault,White,7.0,0.8,5.46,8.59,1219298,139557.0,945771.0,1492825.0,288,0,0
2014,Violent victimization,Black,22.5,2.89,16.83,28.18,738527,99148.0,544200.0,932854.0,176,0,0
2014,Violent victimization,Hispanic,16.2,2.17,11.92,20.41,669376,92756.0,487577.0,851175.0,208,0,0
2014,Violent victimization,Other,23.0,3.5,16.12,29.85,434207,69306.0,298370.0,570045.0,100,0,0
2014,Violent victimization,White,20.3,1.64,17.05,23.49,3517460,289072.0,2950890.0,4084031.0,855,0,0
2015,Aggravated assault,Black,4.3,1.03,2.23,6.27,141333,34757.0,73210.0,209456.0,43,0,0
2015,Aggravated assault,Hispanic,3.0,0.75,1.5,4.44,128707,32744.0,64531.0,192884.0,41,0,0
2015,Aggravated assault,Other,3.2,1.05,1.16,5.29,64246,21188.0,22717.0,105774.0,19,0,0
2015,Aggravated assault,White,2.8,0.45,1.91,3.66,482471,77628.0,330323.0,634620.0,160,0,0
2015,Personal theft/Larceny,Black,0.8,0.37,0.07,1.54,26798,12498.0,2302.0,51294.0,10,1,1
2015,Personal theft/Larceny,Hispanic,0.2,0.17,0.0,0.58,10614,7313.0,0.0,24946.0,5,1,1
2015,Personal theft/Larceny,Other,0.3,0.24,0.0,0.73,5098,4855.0,0.0,14614.0,2,1,1
2015,Personal theft/Larceny,White,0.3,0.1,0.07,0.46,46347,17352.0,12337.0,80357.0,19,0,0
2015,Rape/sexual assault,Black,0.5,0.28,0.0,1.03,16060,9268.0,0.0,34225.0,4,1,1
2015,Rape/sexual assault,Hispanic,1.1,0.42,0.33,1.96,49585,18079.0,14150.0,85020.0,18,0,0
2015,Rape/sexual assault,Other,3.6,1.12,1.37,5.74,70797,22498.0,26701.0,114893.0,11,0,0
2015,Rape/sexual assault,White,1.7,0.32,1.07,2.34,295394,56066.0,185506.0,405282.0,70,0,0
2015,Robbery,Black,3.7,0.94,1.82,5.49,121506,31567.0,59635.0,183377.0,27,0,0
2015,Robbery,Hispanic,3.0,0.75,1.53,4.48,130147,32977.0,65514.0,194780.0,37,0,0
2015,Robbery,Other,3.6,1.13,1.4,5.81,71776,22691.0,27304.0,116249.0,30,0,0
2015,Robbery,White,1.5,0.29,0.9,2.05,255148,50930.0,155328.0,354968.0,71,0,0
2015,Simple assault,Black,14.3,2.24,9.87,18.64,473847,76698.0,323521.0,624173.0,118,0,0
2015,Simple assault,Hispanic,9.6,1.59,6.5,12.72,416283,70353.0,278394.0,554173.0,104,0,0
2015,Simple assault,Other,15.4,2.78,9.91,20.82,306106,57396.0,193611.0,418601.0,64,0,0
2015,Simple assault,White,11.5,1.16,9.19,13.73,1983208,202688.0,1585947.0,2380468.0,569,0,0
2015,Violent crime excluding simple assault,Black,8.4,1.59,5.27,11.5,278899,53989.0,173083.0,384715.0,74,0,0
2015,Violent crime excluding simple assault,Hispanic,7.1,1.31,4.56,9.68,308440,57684.0,195381.0,421499.0,96,0,0
2015,Violent crime excluding simple assault,Other,10.4,2.17,6.12,14.64,206819,44415.0,119767.0,293872.0,60,0,0
2015,Violent crime excluding simple assault,White,6.0,0.74,4.51,7.43,1033014,129770.0,778669.0,1287358.0,301,0,0
2015,Violent victimization,Black,22.6,3.02,16.73,28.56,752746,104693.0,547551.0,957940.0,192,0,0
2015,Violent victimization,Hispanic,16.7,2.28,12.27,21.2,724723,102043.0,524723.0,924723.0,200,0,0
2015,Violent victimization,Other,25.7,3.86,18.17,33.31,512925,80873.0,354417.0,671433.0,124,0,0
2015,Violent victimization,White,17.4,1.54,14.41,20.45,3016221,270281.0,2486480.0,3545962.0,870,0,0
2016,Aggravated assault,Black,3.5,0.75,2.0,4.95,116825,25570.0,66709.0,166940.0,43,0,0
2016,Aggravated assault,Hispanic,4.6,0.81,2.99,6.14,203011,36297.0,131869.0,274152.0,69,0,0
2016,Aggravated assault,Other,3.7,0.93,1.86,5.5,78074,19912.0,39047.0,117102.0,30,0,0
2016,Aggravated assault,White,3.7,0.44,2.85,4.59,642669,77258.0,491247.0,794091.0,211,0,0
2016,Personal theft/Larceny,Black,0.7,0.3,0.15,1.31,24633,9987.0,5058.0,44207.0,9,1,1
2016,Personal theft/Larceny,Hispanic,0.3,0.15,0.0,0.56,12104,6647.0,0.0,25133.0,4,1,1
2016,Personal theft/Larceny,Other,0.5,0.28,0.0,1.0,9701,5870.0,0.0,21206.0,4,1,1
2016,Personal theft/Larceny,White,0.3,0.08,0.1,0.42,45144,14281.0,17154.0,73135.0,21,0,0
2016,Rape/sexual assault,Black,0.9,0.33,0.23,1.51,29190,11029.0,7574.0,50805.0,10,1,1
2016,Rape/sexual assault,Hispanic,1.0,0.31,0.36,1.58,43062,13883.0,15851.0,70273.0,18,0,0
2016,Rape/sexual assault,Other,0.9,0.4,0.1,1.68,18900,8568.0,2107.0,35692.0,8,1,1
2016,Rape/sexual assault,White,1.2,0.21,0.78,1.61,207256,36783.0,135163.0,279349.0,90,0,0
2016,Robbery,Black,2.7,0.65,1.47,4.02,92308,22080.0,49032.0,135584.0,31,0,0
2016,Robbery,Hispanic,2.4,0.54,1.34,3.46,106711,24163.0,59353.0,154069.0,40,0,0
2016,Robbery,Other,3.2,0.85,1.5,4.82,67077,18144.0,31515.0,102639.0,20,0,0
2016,Robbery,White,1.1,0.2,0.72,1.51,192709,35106.0,123903.0,261516.0,89,0,0
2016,Simple assault,Black,15.2,1.91,11.46,18.96,511497,66365.0,381425.0,641570.0,127,0,0
2016,Simple assault,Hispanic,10.3,1.35,7.63,12.94,457312,61621.0,336537.0,578086.0,158,0,0
2016,Simple assault,Other,11.2,1.85,7.61,14.84,238283,40240.0,159414.0,317152.0,91,0,0
2016,Simple assault,White,13.6,1.06,11.5,15.67,2348931,185756.0,1984856.0,2713007.0,855,0,0
2016,Violent crime excluding simple assault,Black,7.1,1.17,4.79,9.39,238322,40244.0,159445.0,317200.0,84,0,0
2016,Violent crime excluding simple assault,Hispanic,7.9,1.15,5.69,10.18,352784,51944.0,250976.0,454592.0,127,0,0
2016,Violent crime excluding simple assault,Other,7.7,1.46,4.86,10.6,164051,31679.0,101961.0,226141.0,58,0,0
2016,Violent crime excluding simple assault,White,6.0,0.61,4.83,7.24,1042635,106942.0,833031.0,1252238.0,390,0,0
2016,Violent victimization,Black,22.3,2.44,17.51,27.09,749820,85657.0,581936.0,917704.0,211,0,0
2016,Violent victimization,Hispanic,18.2,1.96,14.37,22.06,810095,90220.0,633268.0,986923.0,285,0,0
2016,Violent victimization,Other,19.0,2.57,13.92,23.99,402334,56628.0,291346.0,513323.0,149,0,0
2016,Violent victimization,White,19.6,1.36,16.95,22.29,3391566,238717.0,2923690.0,3859442.0,1245,0,0
2017,Aggravated assault,Black,3.5,0.77,1.98,4.99,113888,25416.0,64073.0,163702.0,42,0,0
2017,Aggravated assault,Hispanic,4.1,0.75,2.63,5.58,186883,34629.0,119012.0,254754.0,75,0,0
2017,Aggravated assault,Other,3.1,0.83,1.49,4.72,70916,19031.0,33616.0,108217.0,31,0,0
2017,Aggravated assault,White,3.6,0.44,2.77,4.48,621486,75327.0,473848.0,769124.0,265,0,0
2017,Personal theft/Larceny,Black,0.5,0.26,0.03,1.04,17564,8415.0,1071.0,34057.0,8,1,1
2017,Personal theft/Larceny,Hispanic,0.4,0.2,0.05,0.84,20369,9154.0,2427.0,38312.0,10,1,1
2017,Personal theft/Larceny,Other,0.2,0.19,0.0,0.62,5548,4444.0,0.0,14258.0,3,1,1
2017,Personal theft/Larceny,White,0.3,0.1,0.14,0.52,57113,16710.0,24362.0,89864.0,35,0,0
2017,Rape/sexual assault,Black,1.9,0.54,0.88,2.99,63256,17765.0,28437.0,98075.0,13,0,0
2017,Rape/sexual assault,Hispanic,1.8,0.45,0.91,2.69,81891,20765.0,41192.0,122590.0,35,0,0
2017,Rape/sexual assault,Other,1.5,0.54,0.45,2.56,34390,12384.0,10118.0,58661.0,18,0,0
2017,Rape/sexual assault,White,1.3,0.22,0.82,1.68,214442,37781.0,140394.0,288491.0,106,0,0
2017,Robbery,Black,2.5,0.62,1.24,3.68,80454,20543.0,40191.0,120716.0,36,0,0
2017,Robbery,Hispanic,3.6,0.69,2.21,4.91,161816,31627.0,99827.0,223804.0,44,0,0
2017,Robbery,Other,1.4,0.52,0.4,2.45,32564,11996.0,9053.0,56076.0,14,0,0
2017,Robbery,White,2.0,0.29,1.4,2.55,339003,50675.0,239682.0,438325.0,148,0,0
2017,Simple assault,Black,13.9,1.82,10.35,17.5,455372,61400.0,335031.0,575713.0,166,0,0
2017,Simple assault,Hispanic,11.2,1.42,8.43,14.0,510126,66142.0,380490.0,639762.0,185,0,0
2017,Simple assault,Other,11.4,1.82,7.82,14.97,260082,42728.0,176337.0,343827.0,82,0,0
2017,Simple assault,White,13.9,1.07,11.82,16.02,2386098,185782.0,2021973.0,2750223.0,983,0,0
2017,Violent crime excluding simple assault,Black,7.9,1.27,5.38,10.37,257597,42466.0,174365.0,340829.0,91,0,0
2017,Violent crime excluding simple assault,Hispanic,9.5,1.27,6.97,11.97,430590,59196.0,314569.0,546611.0,154,0,0
2017,Violent crime excluding simple assault,Other,6.0,1.23,3.62,8.46,137870,28614.0,81787.0,193953.0,63,0,0
2017,Violent crime excluding simple assault,White,6.9,0.67,5.55,8.16,1174932,115146.0,949251.0,1400613.0,519,0,0
2017,Violent victimization,Black,21.8,2.42,17.05,26.56,712969,82495.0,551281.0,874656.0,257,0,0
2017,Violent victimization,Hispanic,20.7,2.1,16.56,24.81,940716,99215.0,746259.0,1135173.0,339,0,0
2017,Violent victimization,Other,17.4,2.38,12.77,22.09,397952,56231.0,287741.0,508164.0,145,0,0
2017,Violent victimization,White,20.8,1.4,18.02,23.52,3561030,243775.0,3083240.0,4038819.0,1502,0,0
2018,Aggravated assault,Black,4.9,0.98,3.01,6.86,163454,33039.0,98697.0,228210.0,54,0,0
2018,Aggravated assault,Hispanic,3.6,0.71,2.23,5.03,170494,33971.0,103913.0,237075.0,65,0,0
2018,Aggravated assault,Other,3.1,0.82,1.47,4.67,72848,19572.0,34488.0,111208.0,34,0,0
2018,Aggravated assault,White,3.8,0.49,2.84,4.75,651246,83819.0,486963.0,815529.0,282,0,0
2018,Personal theft/Larceny,Black,1.3,0.42,0.48,2.14,43396,14128.0,15706.0,71086.0,17,0,0
2018,Personal theft/Larceny,Hispanic,0.4,0.18,0.05,0.76,19047,8553.0,2283.0,35811.0,6,1,1
2018,Personal theft/Larceny,Other,0.8,0.35,0.08,1.46,18330,8360.0,1945.0,34715.0,5,1,1
2018,Personal theft/Larceny,White,0.3,0.1,0.15,0.53,58379,17010.0,25040.0,91719.0,33,0,0
2018,Rape/sexual assault,Black,1.3,0.41,0.44,2.06,41492,13740.0,14562.0,68421.0,15,0,0
2018,Rape/sexual assault,Hispanic,2.1,0.51,1.14,3.13,100259,24020.0,53180.0,147339.0,29,0,0
2018,Rape/sexual assault,Other,4.5,1.04,2.49,6.59,107624,25147.0,58336.0,156911.0,33,0,0
2018,Rape/sexual assault,White,2.8,0.4,2.05,3.61,485257,68548.0,350906.0,619609.0,192,0,0
2018,Robbery,Black,3.9,0.84,2.22,5.5,127763,28113.0,72662.0,182864.0,45,0,0
2018,Robbery,Hispanic,2.7,0.59,1.56,3.88,127890,28131.0,72753.0,183026.0,40,0,0
2018,Robbery,Other,2.0,0.63,0.8,3.27,48163,15076.0,18614.0,77711.0,21,0,0
2018,Robbery,White,1.6,0.27,1.05,2.09,269281,46036.0,179051.0,359510.0,115,0,0
2018,Simple assault,Black,10.3,1.59,7.22,13.46,342616,54133.0,236517.0,448714.0,139,0,0
2018,Simple assault,Hispanic,10.1,1.4,7.34,12.83,473902,67451.0,341700.0,606105.0,172,0,0
2018,Simple assault,Other,15.6,2.32,11.07,20.16,370068,57027.0,258296.0,481840.0,106,0,0
2018,Simple assault,White,16.5,1.33,13.91,19.13,2833160,231868.0,2378707.0,3287612.0,1023,0,0
2018,Violent crime excluding simple assault,Black,10.0,1.56,6.98,13.1,332708,53072.0,228690.0,436726.0,114,0,0
2018,Violent crime excluding simple assault,Hispanic,8.5,1.25,6.04,10.93,398642,59974.0,281096.0,516188.0,134,0,0
2018,Violent crime excluding simple assault,Other,9.6,1.7,6.32,12.97,228634,41267.0,147752.0,309517.0,88,0,0
2018,Violent crime excluding simple assault,White,8.2,0.82,6.58,9.81,1405784,142542.0,1126406.0,1685162.0,589,0,0
2018,Violent victimization,Black,20.4,2.49,15.51,25.26,675324,85933.0,506898.0,843750.0,253,0,0
2018,Violent victimization,Hispanic,18.6,2.1,14.45,22.68,872545,102496.0,671657.0,1073433.0,306,0,0
2018,Violent victimization,Other,25.3,3.17,19.04,31.48,598702,79125.0,443621.0,753784.0,194,0,0
2018,Violent victimization,White,24.7,1.76,21.28,28.16,4238944,306561.0,3638095.0,4839793.0,1612,0,0
2019,Aggravated assault,Black,3.4,0.78,1.85,4.91,112947,26391.0,61223.0,164672.0,41,0,0
2019,Aggravated assault,Hispanic,6.1,1.0,4.18,8.11,294281,48848.0,198540.0,390022.0,78,0,0
2019,Aggravated assault,Other,3.3,0.87,1.61,5.04,80368,21334.0,38554.0,122182.0,34,0,0
2019,Aggravated assault,White,3.1,0.42,2.28,3.93,531893,72278.0,390230.0,673556.0,268,0,0
2019,Personal theft/Larceny,Black,0.4,0.21,0.0,0.79,12483,7063.0,0.0,26327.0,4,1,1
2019,Personal theft/Larceny,Hispanic,0.5,0.22,0.08,0.93,24227,10355.0,3931.0,44523.0,8,1,1
2019,Personal theft/Larceny,Other,0.5,0.3,0.0,1.14,13207,7293.0,0.0,27502.0,4,1,1
2019,Personal theft/Larceny,White,0.4,0.1,0.15,0.56,60188,17854.0,25196.0,95181.0,28,0,0
2019,Rape/sexual assault,Black,0.8,0.33,0.17,1.47,27285,11104.0,5521.0,49048.0,17,0,0
2019,Rape/sexual assault,Hispanic,1.4,0.39,0.61,2.14,65851,18866.0,28876.0,102827.0,30,0,0
2019,Rape/sexual assault,Other,1.7,0.57,0.53,2.78,40046,13949.0,12707.0,67385.0,14,0,0
2019,Rape/sexual assault,White,1.9,0.3,1.31,2.5,326124,52257.0,223702.0,428545.0,119,0,0
2019,Robbery,Black,2.8,0.7,1.44,4.17,93809,23489.0,47771.0,139847.0,34,0,0
2019,Robbery,Hispanic,2.7,0.59,1.53,3.86,129030,28706.0,72767.0,185293.0,45,0,0
2019,Robbery,Other,2.3,0.69,0.9,3.61,54476,16800.0,21549.0,87403.0,21,0,0
2019,Robbery,White,1.5,0.26,0.99,2.01,257106,44721.0,169454.0,344758.0,108,0,0
2019,Simple assault,Black,11.6,1.71,8.29,15.0,388918,58694.0,273880.0,503957.0,143,0,0
2019,Simple assault,Hispanic,11.1,1.47,8.2,13.96,530715,72171.0,389261.0,672168.0,194,0,0
2019,Simple assault,Other,16.7,2.4,12.0,21.42,403788,60171.0,285856.0,521720.0,101,0,0
2019,Simple assault,White,14.4,1.18,12.13,16.77,2476772,205416.0,2074164.0,2879380.0,951,0,0
2019,Violent crime excluding simple assault,Black,7.0,1.24,4.59,9.43,234041,42067.0,151590.0,316491.0,92,0,0
2019,Violent crime excluding simple assault,Hispanic,10.2,1.39,7.48,12.95,489162,68350.0,355199.0,623125.0,153,0,0
2019,Violent crime excluding simple assault,Other,7.2,1.41,4.47,10.01,174890,34852.0,106582.0,243199.0,69,0,0
2019,Violent crime excluding simple assault,White,6.5,0.69,5.15,7.86,1115123,119078.0,881734.0,1348512.0,495,0,0
2019,Violent victimization,Black,18.7,2.32,14.11,23.2,622959,80347.0,465482.0,780436.0,235,0,0
2019,Violent victimization,Hispanic,21.3,2.25,16.88,25.71,1019877,112071.0,800221.0,1239532.0,347,0,0
2019,Violent victimization,Other,24.0,3.02,18.03,29.88,578678,76472.0,428796.0,728559.0,170,0,0
2019,Violent victimization,White,21.0,1.52,17.97,23.94,3591895,265028.0,3072450.0,4111340.0,1446,0,0
2020,Aggravated assault,Black,3.8,0.83,2.15,5.38,126875,28181.0,71641.0,182109.0,41,0,0
2020,Aggravated assault,Hispanic,3.1,0.65,1.87,4.41,152882,31846.0,90466.0,215298.0,47,0,0
2020,Aggravated assault,Other,1.8,0.58,0.65,2.9,43445,14219.0,15576.0,71315.0,20,0,0
2020,Aggravated assault,White,2.9,0.4,2.06,3.65,488980,69481.0,352800.0,625160.0,215,0,0
2020,Personal theft/Larceny,Black,1.0,0.36,0.3,1.7,33697,12150.0,9884.0,57511.0,5,1,1
2020,Personal theft/Larceny,Hispanic,0.3,0.15,0.0,0.58,14259,7236.0,77.0,28442.0,4,1,1
2020,Personal theft/Larceny,Other,0.3,0.2,0.0,0.68,7196,4864.0,0.0,16729.0,2,1,1
2020,Personal theft/Larceny,White,0.1,0.05,0.02,0.23,21451,9230.0,3360.0,39541.0,12,0,0
2020,Rape/sexual assault,Black,1.1,0.38,0.36,1.86,37457,12969.0,12039.0,62876.0,17,0,0
2020,Rape/sexual assault,Hispanic,1.0,0.3,0.36,1.55,46436,14822.0,17385.0,75487.0,18,0,0
2020,Rape/sexual assault,Other,0.8,0.35,0.09,1.45,18884,8550.0,2126.0,35643.0,8,1,1
2020,Rape/sexual assault,White,1.3,0.23,0.81,1.73,217170,40179.0,138420.0,295920.0,71,0,0
2020,Robbery,Black,2.6,0.66,1.35,3.92,88817,22363.0,44985.0,132648.0,22,0,0
2020,Robbery,Hispanic,1.4,0.38,0.64,2.14,67483,18760.0,30714.0,104252.0,18,0,0
2020,Robbery,Other,3.1,0.82,1.53,4.76,77114,20426.0,37081.0,117147.0,13,0,0
2020,Robbery,White,1.2,0.22,0.75,1.63,203844,38521.0,128344.0,279343.0,88,0,0
2020,Simple assault,Black,10.0,1.56,6.96,13.08,337686,54035.0,231779.0,443593.0,91,0,0
2020,Simple assault,Hispanic,10.4,1.43,7.61,13.2,505938,71117.0,366551.0,645325.0,134,0,0
2020,Simple assault,Other,11.3,1.88,7.65,15.01,277443,47335.0,184669.0,370217.0,81,0,0
2020,Simple assault,White,10.9,1.01,8.92,12.89,1867699,175232.0,1524250.0,2211148.0,711,0,0
2020,Violent crime excluding simple assault,Black,7.5,1.29,4.98,10.05,253149,44513.0,165906.0,340392.0,80,0,0
2020,Violent crime excluding simple assault,Hispanic,5.5,0.93,3.66,7.31,266801,46108.0,176432.0,357171.0,83,0,0
2020,Violent crime excluding simple assault,Other,5.7,1.2,3.34,8.05,139444,29978.0,80688.0,198200.0,41,0,0
2020,Violent crime excluding simple assault,White,5.3,0.62,4.1,6.52,909994,106444.0,701368.0,1118620.0,374,0,0
2020,Violent victimization,Black,17.5,2.26,13.11,21.97,590835,79079.0,435844.0,745826.0,171,0,0
2020,Violent victimization,Hispanic,15.9,1.89,12.18,19.59,772739,95093.0,586360.0,959118.0,217,0,0
2020,Violent victimization,Other,17.0,2.45,12.23,21.82,416887,62329.0,294724.0,539050.0,122,0,0
2020,Violent victimization,White,16.2,1.33,13.61,18.82,2777693,230906.0,2325125.0,3230261.0,1085,0,0
2021,Aggravated assault,Black,3.7,0.71,2.27,5.03,123922,24256.0,76380.0,171463.0,49,0,0
2021,Aggravated assault,Hispanic,2.3,0.46,1.37,3.16,112108,22739.0,67540.0,156677.0,48,0,0
2021,Aggravated assault,Other,2.8,0.66,1.46,4.07,68247,16581.0,35748.0,100746.0,23,0,0
2021,Aggravated assault,White,2.7,0.34,2.04,3.36,462058,57982.0,348415.0,575700.0,231,0,0
2021,Personal theft/Larceny,Black,0.1,0.08,0.0,0.26,3338,2822.0,0.0,8869.0,2,1,1
2021,Personal theft/Larceny,Hispanic,0.1,0.07,0.0,0.25,5307,3649.0,0.0,12459.0,2,1,1
2021,Personal theft/Larceny,Other,0.5,0.24,0.03,0.97,12431,5925.0,818.0,24044.0,5,1,1
2021,Personal theft/Larceny,White,0.1,0.05,0.03,0.22,21075,8079.0,5240.0,36909.0,14,0,0
2021,Rape/sexual assault,Black,2.0,0.48,1.02,2.88,66186,16265.0,34308.0,98065.0,18,0,0
2021,Rape/sexual assault,Hispanic,1.0,0.28,0.49,1.58,50921,13808.0,23857.0,77985.0,25,0,0
2021,Rape/sexual assault,Other,0.8,0.31,0.19,1.41,19750,7773.0,4514.0,34986.0,9,1,1
2021,Rape/sexual assault,White,1.1,0.19,0.73,1.46,187639,31784.0,125344.0,249935.0,80,0,0
2021,Robbery,Black,2.1,0.5,1.16,3.14,72864,17280.0,38996.0,106731.0,30,0,0
2021,Robbery,Hispanic,2.1,0.43,1.23,2.91,102317,21443.0,60288.0,144345.0,43,0,0
2021,Robbery,Other,0.8,0.32,0.2,1.45,20429,7931.0,4885.0,35973.0,9,1,1
2021,Robbery,White,1.6,0.23,1.11,2.03,268671,40298.0,189689.0,347653.0,96,0,0
2021,Simple assault,Black,10.7,1.42,7.97,13.52,364606,49425.0,267736.0,461477.0,125,0,0
2021,Simple assault,Hispanic,10.5,1.24,8.06,12.91,518135,62660.0,395324.0,640946.0,165,0,0
2021,Simple assault,Other,13.2,1.8,9.69,16.74,326219,45871.0,236313.0,416125.0,71,0,0
2021,Simple assault,White,10.7,0.86,9.03,12.41,1834234,149235.0,1541739.0,2126729.0,768,0,0
2021,Violent crime excluding simple assault,Black,7.7,1.15,5.5,9.99,262972,39727.0,185108.0,340836.0,97,0,0
2021,Violent crime excluding simple assault,Hispanic,5.4,0.8,3.81,6.93,265346,39965.0,187015.0,343676.0,116,0,0
2021,Violent crime excluding simple assault,Other,4.4,0.89,2.65,6.13,108426,22256.0,64804.0,152047.0,41,0,0
2021,Violent crime excluding simple assault,White,5.4,0.54,4.31,6.42,918368,92617.0,736842.0,1099894.0,407,0,0
2021,Violent victimization,Black,18.5,2.02,14.53,22.46,627578,71380.0,487677.0,767480.0,222,0,0
2021,Violent victimization,Hispanic,15.9,1.63,12.67,19.05,783481,83060.0,620685.0,946276.0,281,0,0
2021,Violent victimization,Other,17.6,2.17,13.36,21.85,434645,55634.0,325604.0,543686.0,112,0,0
2021,Violent victimization,White,16.1,1.14,13.85,18.31,2752602,197643.0,2365230.0,3139974.0,1175,0,0
2022,Aggravated assault,Black,5.0,0.96,3.13,6.91,173045,33556.0,107276.0,238814.0,59,0,0
2022,Aggravated assault,Hispanic,4.6,0.78,3.06,6.12,233489,40142.0,154813.0,312165.0,83,0,0
2022,Aggravated assault,Other,5.7,1.18,3.39,8.0,144478,30158.0,85369.0,203587.0,44,0,0
2022,Aggravated assault,White,5.8,0.57,4.65,6.88,989100,98382.0,796275.0,1181924.0,300,0,0
2022,Personal theft/Larceny,Black,0.4,0.22,0.0,0.78,12131,7527.0,0.0,26883.0,5,1,1
2022,Personal theft/Larceny,Hispanic,0.9,0.3,0.29,1.47,44878,15406.0,14682.0,75073.0,13,0,0
2022,Personal theft/Larceny,Other,0.5,0.31,0.0,1.13,13161,7863.0,0.0,28573.0,2,1,1
2022,Personal theft/Larceny,White,0.4,0.12,0.21,0.69,77228,20956.0,36155.0,118302.0,21,0,0
2022,Rape/sexual assault,Black,1.5,0.49,0.58,2.5,53078,16931.0,19893.0,86262.0,19,0,0
2022,Rape/sexual assault,Hispanic,2.6,0.56,1.5,3.68,131789,28571.0,75790.0,187787.0,46,0,0
2022,Rape/sexual assault,Other,1.8,0.61,0.6,3.0,45627,15550.0,15149.0,76104.0,12,0,0
2022,Rape/sexual assault,White,1.8,0.27,1.22,2.29,301313,46845.0,209498.0,393128.0,113,0,0
2022,Robbery,Black,2.4,0.63,1.18,3.65,83172,21868.0,40312.0,126032.0,31,0,0
2022,Robbery,Hispanic,3.8,0.7,2.41,5.14,192093,35709.0,122104.0,262082.0,40,0,0
2022,Robbery,Other,2.0,0.64,0.72,3.24,50185,16405.0,18032.0,82337.0,20,0,0
2022,Robbery,White,2.2,0.31,1.55,2.76,369406,53064.0,265403.0,473409.0,119,0,0
2022,Simple assault,Black,12.8,1.68,9.52,16.12,441644,59244.0,325529.0,557760.0,152,0,0
2022,Simple assault,Hispanic,11.7,1.37,8.98,14.36,593817,71242.0,454186.0,733449.0,176,0,0
2022,Simple assault,Other,14.3,2.02,10.32,18.22,361929,52402.0,259224.0,464634.0,105,0,0
2022,Simple assault,White,14.3,1.02,12.33,16.34,2460788,177376.0,2113138.0,2808438.0,815,0,0
2022,Violent crime excluding simple assault,Black,9.0,1.36,6.32,11.64,309295,47598.0,216005.0,402585.0,109,0,0
2022,Violent crime excluding simple assault,Hispanic,11.0,1.32,8.37,13.54,557371,68473.0,423166.0,691575.0,169,0,0
2022,Violent crime excluding simple assault,Other,9.5,1.58,6.37,12.58,240289,40842.0,160240.0,320338.0,76,0,0
2022,Violent crime excluding simple assault,White,9.7,0.79,8.12,11.23,1659819,137269.0,1390777.0,1928860.0,532,0,0
2022,Violent victimization,Black,21.8,2.32,17.26,26.34,750940,82586.0,589074.0,912805.0,261,0,0
2022,Violent victimization,Hispanic,22.6,2.06,18.59,26.67,1151188,108415.0,938699.0,1363677.0,345,0,0
2022,Violent victimization,Other,23.7,2.73,18.39,29.1,602219,71872.0,461352.0,743085.0,181,0,0
2022,Violent victimization,White,24.0,1.43,21.21,26.81,4120607,248713.0,3633137.0,4608076.0,1347,0,0
2023,Aggravated assault,Black,5.8,1.21,3.43,8.17,201894,42622.0,118356.0,285433.0,56,0,0
2023,Aggravated assault,Hispanic,3.7,0.79,2.15,5.24,192564,41423.0,111377.0,273752.0,75,0,0
2023,Aggravated assault,Other,3.6,1.02,1.58,5.58,94398,27141.0,41202.0,147594.0,34,0,0
2023,Aggravated assault,White,4.6,0.57,3.44,5.7,784338,99134.0,590038.0,978638.0,270,0,0
2023,Personal theft/Larceny,Black,0.2,0.2,0.0,0.64,8407,7073.0,0.0,22270.0,3,1,1
2023,Personal theft/Larceny,Hispanic,0.6,0.27,0.03,1.07,28885,13837.0,1765.0,56006.0,11,0,0
2023,Personal theft/Larceny,Other,0.2,0.21,0.0,0.63,5535,5666.0,0.0,16639.0,3,1,1
2023,Personal theft/Larceny,White,0.3,0.11,0.09,0.54,54170,19706.0,15547.0,92792.0,30,0,0
2023,Rape/sexual assault,Black,2.2,0.68,0.84,3.51,75559,23851.0,28813.0,122305.0,11,0,0
2023,Rape/sexual assault,Hispanic,1.1,0.39,0.32,1.83,56270,20138.0,16801.0,95739.0,17,0,0
2023,Rape/sexual assault,Other,1.9,0.7,0.48,3.23,48800,18571.0,12402.0,85198.0,14,0,0
2023,Rape/sexual assault,White,1.8,0.32,1.13,2.37,300389,54300.0,193963.0,406814.0,113,0,0
2023,Robbery,Black,4.3,1.02,2.34,6.34,151158,35828.0,80937.0,221379.0,31,0,0
2023,Robbery,Hispanic,3.7,0.79,2.17,5.27,193650,41564.0,112187.0,275113.0,37,0,0
2023,Robbery,Other,2.1,0.74,0.6,3.51,54137,19699.0,15528.0,92747.0,23,0,0
2023,Robbery,White,1.9,0.34,1.28,2.6,332672,57825.0,219337.0,446006.0,121,0,0
2023,Simple assault,Black,14.6,2.1,10.44,18.69,507027,75187.0,359663.0,654391.0,134,0,0
2023,Simple assault,Hispanic,12.8,1.68,9.52,16.11,667774,89477.0,492402.0,843146.0,180,0,0
2023,Simple assault,Other,12.2,2.11,8.12,16.38,322858,56766.0,211599.0,434118.0,113,0,0
2023,Simple assault,White,14.2,1.19,11.86,16.53,2435576,206973.0,2029917.0,2841235.0,863,0,0
2023,Violent crime excluding simple assault,Black,12.3,1.9,8.59,16.04,428611,67677.0,295967.0,561256.0,98,0,0
2023,Violent crime excluding simple assault,Hispanic,8.5,1.3,5.94,11.05,442484,69037.0,307174.0,577794.0,129,0,0
2023,Violent crime excluding simple assault,Other,7.5,1.57,4.41,10.57,197335,42039.0,114941.0,279730.0,71,0,0
2023,Violent crime excluding simple assault,White,8.3,0.84,6.62,9.91,1417399,145207.0,1132798.0,1701999.0,504,0,0
2023,Violent victimization,Black,26.9,3.06,20.88,32.88,935639,110998.0,718087.0,1153190.0,232,0,0
2023,Violent victimization,Hispanic,21.3,2.3,16.79,25.82,1110258,123939.0,867343.0,1353173.0,309,0,0
2023,Violent victimization,Other,19.7,2.81,14.24,25.24,520193,76409.0,370434.0,669952.0,184,0,0
2023,Violent victimization,White,22.5,1.61,19.31,25.61,3852975,280143.0,3303903.0,4402046.0,1367,0,0
2024,Aggravated assault,Black,6.5,1.59,3.38,9.61,227462,56833.0,116071.0,338854.0,24,0,0
2024,Aggravated assault,Hispanic,4.8,1.14,2.59,7.05,257863,61931.0,136481.0,379246.0,36,0,0
2024,Aggravated assault,Other,2.4,0.9,0.64,4.16,64644,24470.0,16683.0,112606.0,13,0,0
2024,Aggravated assault,White,4.6,0.78,3.1,6.17,791983,134950.0,527486.0,1056480.0,147,0,0
2024,Personal theft/Larceny,Black,0.2,0.15,0.0,0.44,5309,5224.0,0.0,15548.0,1,1,1
2024,Personal theft/Larceny,Hispanic,0.7,0.32,0.08,1.35,38103,17383.0,4032.0,72174.0,6,1,1
2024,Personal theft/Larceny,Other,0.4,0.29,0.0,0.96,10623,7872.0,0.0,26052.0,3,1,1
2024,Personal theft/Larceny,White,0.4,0.16,0.13,0.76,76309,27286.0,22830.0,129788.0,14,0,0
2024,Rape/sexual assault,Black,1.6,0.63,0.35,2.81,55387,22124.0,12025.0,98750.0,10,1,1
2024,Rape/sexual assault,Hispanic,1.1,0.44,0.28,1.99,60889,23532.0,14767.0,107011.0,11,0,0
2024,Rape/sexual assault,Other,5.2,1.5,2.31,8.18,141447,41167.0,60761.0,222134.0,10,1,1
2024,Rape/sexual assault,White,1.8,0.4,0.98,2.57,303166,69218.0,167501.0,438831.0,47,0,0
2024,Robbery,Black,3.1,0.98,1.22,5.07,110225,34825.0,41971.0,178480.0,18,0,0
2024,Robbery,Hispanic,1.9,0.61,0.71,3.11,102095,33089.0,37241.0,166949.0,22,0,0
2024,Robbery,Other,2.3,0.87,0.59,4.02,62090,23834.0,15376.0,108804.0,13,0,0
2024,Robbery,White,2.2,0.46,1.25,3.06,367740,79086.0,212734.0,522746.0,54,0,0
2024,Simple assault,Black,12.2,2.43,7.44,16.95,427033,87716.0,255114.0,598952.0,56,0,0
2024,Simple assault,Hispanic,15.6,2.53,10.65,20.57,835624,140119.0,560997.0,1110252.0,105,0,0
2024,Simple assault,Other,20.2,3.68,13.02,27.46,545818,104039.0,341905.0,749732.0,59,0,0
2024,Simple assault,White,13.6,1.66,10.32,16.82,2318167,287079.0,1755502.0,2880831.0,424,0,0
2024,Violent crime excluding simple assault,Black,11.2,2.29,6.73,15.72,393075,82819.0,230753.0,555397.0,52,0,0
2024,Violent crime excluding simple assault,Hispanic,7.9,1.59,4.75,10.97,420847,86832.0,250659.0,591035.0,69,0,0
2024,Violent crime excluding simple assault,Other,9.9,2.29,5.45,14.44,268182,63621.0,143486.0,392877.0,36,0,0
2024,Violent crime excluding simple assault,White,8.6,1.2,6.2,10.92,1462890,207654.0,1055895.0,1869884.0,248,0,0
2024,Violent victimization,Black,23.4,3.76,16.05,30.8,820108,138290.0,549065.0,1091152.0,108,0,0
2024,Violent victimization,Hispanic,23.5,3.34,16.93,30.01,1256471,186586.0,890770.0,1622172.0,174,0,0
2024,Violent victimization,Other,30.2,4.81,20.77,39.61,814000,137568.0,544373.0,1083627.0,95,0,0
2024,Violent victimization,White,22.1,2.33,17.57,26.69,3781056,404677.0,2987903.0,4574209.0,672,0,0
