spec,level,outcome,treatment,estimator,n,coef,se,t,first_stage_F
long 2008-2023,elem,"d priv share (wnh, US-born)",d hisp_share,WLS HC1,333,0.15363567966824038,0.09543646249648105,1.6098216095751166,
long 2008-2023,elem,"d priv share (wnh, US-born)",d fb_share,WLS HC1,333,-0.28360863936544023,0.19463171349621425,-1.4571553333776546,
horse-race 2008-2023,elem,"d priv share (wnh, US-born)",d hisp_share,WLS HC1,333,0.11857148270964638,0.09941280133622328,1.1927184539205034,
horse-race 2008-2023,elem,"d priv share (wnh, US-born)",d asian_share,WLS HC1,333,-0.32304048530198726,0.23725030053620855,-1.3616020067071974,
horse-race 2008-2023,elem,"d priv share (wnh, US-born)",d black_share,WLS HC1,333,-0.0570873006794487,0.14805305574056737,-0.3855867776176298,
by group 2008-2023,elem,d priv share (all US-born non-Hispanic),d hisp_share,WLS HC1,333,0.10682928057200616,0.08607525386912228,1.2411149055039727,
by group 2008-2023,elem,d priv share (US-born Hispanic),d hisp_share,WLS HC1,333,0.006686223931887237,0.10510200015615677,0.06361652415703875,
generation split 2008-2023,elem,"d priv share (wnh, US-born)",d hisp foreign-born share,WLS HC1,333,-0.1293471677697952,0.24530649235178073,-0.5272879919717145,
generation split 2008-2023,elem,"d priv share (wnh, US-born)",d hisp US-born share,WLS HC1,333,0.2084233495527824,0.09441453613477671,2.207534539546518,
counts 2008-2023,elem,d wnh private enrol (per 100 base),d hispanic public enrol (per 100 base),WLS HC1,333,0.10071334493355072,0.027464828591964554,3.6669933910680457,
"counts, growth controlled 2008-2023",elem,d wnh private enrol (per 100 base),d hispanic public enrol (per 100 base),"WLS HC1, + d total enrol",333,-0.126887766101342,0.041095503699450135,-3.087631363015506,
counts 2008-2023,elem,d wnh private enrol (per 100 base),d foreign-born public enrol (per 100 base),WLS HC1,333,-0.07542832763516366,0.09890601513133514,-0.7626262925971088,
"counts, growth controlled 2008-2023",elem,d wnh private enrol (per 100 base),d foreign-born public enrol (per 100 base),"WLS HC1, + d total enrol",333,-0.35496962172478697,0.09503680735579284,-3.7350751945598715,
IV 2008-2023,elem,"d priv share (wnh, US-born)",d fb_share,2SLS (z_fb),333,-0.2022670475997576,0.7883910992816422,-0.2565567366045319,32.910385393014835
IV 2008-2023,elem,"d priv share (wnh, US-born)",d fb_share,2SLS (z_mex),333,0.30294404954112303,0.6778693505427433,0.446906250147713,12.467345436778782
long [SCH def change] 2005-2023,elem,"d priv share (wnh, US-born)",d hisp_share,WLS HC1,327,0.13491312000478944,0.09126770462860416,1.4782131374267782,
long [SCH def change] 2005-2023,elem,"d priv share (wnh, US-born)",d fb_share,WLS HC1,327,-0.3356132501767653,0.21693878380114884,-1.547041263421096,
horse-race [SCH def change] 2005-2023,elem,"d priv share (wnh, US-born)",d hisp_share,WLS HC1,327,0.12138388625553874,0.09776802186617856,1.2415499867807978,
horse-race [SCH def change] 2005-2023,elem,"d priv share (wnh, US-born)",d asian_share,WLS HC1,327,-0.23302856670660957,0.31576445682361093,-0.7379822575685951,
horse-race [SCH def change] 2005-2023,elem,"d priv share (wnh, US-born)",d black_share,WLS HC1,327,0.05202183158633487,0.15277640151905686,0.34050960141148384,
by group [SCH def change] 2005-2023,elem,d priv share (all US-born non-Hispanic),d hisp_share,WLS HC1,327,0.0806162191967787,0.09577157630320186,0.8417551669146277,
by group [SCH def change] 2005-2023,elem,d priv share (US-born Hispanic),d hisp_share,WLS HC1,327,0.035724921927188874,0.07852569843477504,0.45494561193699773,
generation split [SCH def change] 2005-2023,elem,"d priv share (wnh, US-born)",d hisp foreign-born share,WLS HC1,327,-0.2846185815434287,0.25801909951982277,-1.103091135784552,
generation split [SCH def change] 2005-2023,elem,"d priv share (wnh, US-born)",d hisp US-born share,WLS HC1,327,0.21214175955539694,0.08698107503666036,2.438941568220265,
counts [SCH def change] 2005-2023,elem,d wnh private enrol (per 100 base),d hispanic public enrol (per 100 base),WLS HC1,327,0.14324557213356134,0.03773827764132663,3.7957633757163105,
"counts, growth controlled [SCH def change] 2005-2023",elem,d wnh private enrol (per 100 base),d hispanic public enrol (per 100 base),"WLS HC1, + d total enrol",327,-0.13858506640365983,0.03560797164462265,-3.891967444446904,
counts [SCH def change] 2005-2023,elem,d wnh private enrol (per 100 base),d foreign-born public enrol (per 100 base),WLS HC1,327,-0.04145764550942224,0.10945605371518431,-0.3787606450466341,
"counts, growth controlled [SCH def change] 2005-2023",elem,d wnh private enrol (per 100 base),d foreign-born public enrol (per 100 base),"WLS HC1, + d total enrol",327,-0.3695812048303445,0.09620981732114671,-3.8414084458417466,
IV [SCH def change] 2005-2023,elem,"d priv share (wnh, US-born)",d fb_share,2SLS (z_fb),327,0.699686662632303,1.545318809484405,0.4527781958893991,5.342353328581564
IV [SCH def change] 2005-2023,elem,"d priv share (wnh, US-born)",d fb_share,2SLS (z_mex),327,-0.08051174543308393,0.4327208911677659,-0.18605929844480174,22.685799782827612
two-way FE,elem,"priv share (wnh, US-born)",hisp_share,"WLS, cluster(CBSA)",1336,0.10709837550684505,0.08005088852564732,1.33787866042901,
two-way FE,elem,"priv share (wnh, US-born)",fb_share,"WLS, cluster(CBSA)",1336,-0.22409026064888427,0.13681629614577853,-1.6378915886607166,
two-way FE horse-race,elem,"priv share (wnh, US-born)",hisp_share,"WLS, cluster(CBSA)",1336,0.09463232409908233,0.08133218393371239,1.1635286244890444,
two-way FE horse-race,elem,"priv share (wnh, US-born)",asian_share,"WLS, cluster(CBSA)",1336,-0.1112919441658104,0.23453087980410053,-0.4745300246124117,
two-way FE horse-race,elem,"priv share (wnh, US-born)",black_share,"WLS, cluster(CBSA)",1336,-0.04405272931814186,0.09836537465947943,-0.44784792891445074,
long 2008-2023,sec,"d priv share (wnh, US-born)",d hisp_share,WLS HC1,329,0.07769178920415862,0.07321014792136377,1.0612161211258397,
long 2008-2023,sec,"d priv share (wnh, US-born)",d fb_share,WLS HC1,329,-0.14528511260346097,0.11356360120144413,-1.2793281567898487,
horse-race 2008-2023,sec,"d priv share (wnh, US-born)",d hisp_share,WLS HC1,329,0.07933430486378053,0.0737179725725403,1.0761867438190005,
horse-race 2008-2023,sec,"d priv share (wnh, US-born)",d asian_share,WLS HC1,329,-0.12360368513052732,0.18280853010073897,-0.6761374048706257,
horse-race 2008-2023,sec,"d priv share (wnh, US-born)",d black_share,WLS HC1,329,0.047085612399944854,0.09166286594400207,0.5136825247064609,
by group 2008-2023,sec,d priv share (all US-born non-Hispanic),d hisp_share,WLS HC1,329,0.05514346997944688,0.06560192832839627,0.840576967545901,
by group 2008-2023,sec,d priv share (US-born Hispanic),d hisp_share,WLS HC1,329,-0.015703656175366145,0.058256534291333054,-0.26956042556246623,
generation split 2008-2023,sec,"d priv share (wnh, US-born)",d hisp foreign-born share,WLS HC1,329,-0.09474301317445111,0.1505986434789718,-0.6291093398041141,
generation split 2008-2023,sec,"d priv share (wnh, US-born)",d hisp US-born share,WLS HC1,329,0.09304994966855919,0.07294321289245484,1.2756491793931408,
counts 2008-2023,sec,d wnh private enrol (per 100 base),d hispanic public enrol (per 100 base),WLS HC1,329,0.10287322126231974,0.016101869100060014,6.388899364604592,
"counts, growth controlled 2008-2023",sec,d wnh private enrol (per 100 base),d hispanic public enrol (per 100 base),"WLS HC1, + d total enrol",329,-0.11714042453893496,0.03062642607870264,-3.824815348611421,
counts 2008-2023,sec,d wnh private enrol (per 100 base),d foreign-born public enrol (per 100 base),WLS HC1,329,0.09124056759258357,0.07334402404910484,1.244008203469948,
"counts, growth controlled 2008-2023",sec,d wnh private enrol (per 100 base),d foreign-born public enrol (per 100 base),"WLS HC1, + d total enrol",329,-0.054089001381137945,0.05647051302474302,-0.957827341810024,
IV 2008-2023,sec,"d priv share (wnh, US-born)",d fb_share,2SLS (z_fb),329,0.062490126575357144,2.3390581816806204,0.026715935099338912,0.3755359236972313
IV 2008-2023,sec,"d priv share (wnh, US-born)",d fb_share,2SLS (z_mex),329,-0.1112781432077321,0.23679367413017674,-0.4699371451390936,52.39518443865083
long [SCH def change] 2005-2023,sec,"d priv share (wnh, US-born)",d hisp_share,WLS HC1,322,0.09863970755328319,0.06711358251623352,1.4697428427311876,
long [SCH def change] 2005-2023,sec,"d priv share (wnh, US-born)",d fb_share,WLS HC1,322,-0.043770316949581056,0.11388132317813095,-0.38435026682221085,
horse-race [SCH def change] 2005-2023,sec,"d priv share (wnh, US-born)",d hisp_share,WLS HC1,322,0.0888376944966659,0.06636376392308618,1.3386476179926503,
horse-race [SCH def change] 2005-2023,sec,"d priv share (wnh, US-born)",d asian_share,WLS HC1,322,-0.4584678259699121,0.21568712525516956,-2.1256151725677634,
horse-race [SCH def change] 2005-2023,sec,"d priv share (wnh, US-born)",d black_share,WLS HC1,322,-0.02761666744443353,0.09632790139904643,-0.28669437456162533,
by group [SCH def change] 2005-2023,sec,d priv share (all US-born non-Hispanic),d hisp_share,WLS HC1,322,0.06615211105887736,0.05370872783118253,1.2316827027965904,
by group [SCH def change] 2005-2023,sec,d priv share (US-born Hispanic),d hisp_share,WLS HC1,322,0.03744041395782855,0.06144603601071061,0.6093218763746182,
generation split [SCH def change] 2005-2023,sec,"d priv share (wnh, US-born)",d hisp foreign-born share,WLS HC1,322,0.08256371970334714,0.1570239343375078,0.5258034073065854,
generation split [SCH def change] 2005-2023,sec,"d priv share (wnh, US-born)",d hisp US-born share,WLS HC1,322,0.09865070421071573,0.06728605877050323,1.4661388408435374,
counts [SCH def change] 2005-2023,sec,d wnh private enrol (per 100 base),d hispanic public enrol (per 100 base),WLS HC1,322,0.11951894146142303,0.017861327256338988,6.691492728739167,
"counts, growth controlled [SCH def change] 2005-2023",sec,d wnh private enrol (per 100 base),d hispanic public enrol (per 100 base),"WLS HC1, + d total enrol",322,-0.15604128346533094,0.030851043388104075,-5.057893229163824,
counts [SCH def change] 2005-2023,sec,d wnh private enrol (per 100 base),d foreign-born public enrol (per 100 base),WLS HC1,322,0.25906745127750475,0.0569034876891711,4.552751716953301,
"counts, growth controlled [SCH def change] 2005-2023",sec,d wnh private enrol (per 100 base),d foreign-born public enrol (per 100 base),"WLS HC1, + d total enrol",322,0.03513938339626768,0.0552902618086794,0.6355438054871272,
IV [SCH def change] 2005-2023,sec,"d priv share (wnh, US-born)",d fb_share,2SLS (z_fb),322,-0.6822152055747221,0.6589749358662886,-1.0352673044808325,2.9683416662111726
IV [SCH def change] 2005-2023,sec,"d priv share (wnh, US-born)",d fb_share,2SLS (z_mex),322,-0.09640533646774145,0.19597208651872428,-0.49193402070825193,117.75168593240663
two-way FE,sec,"priv share (wnh, US-born)",hisp_share,"WLS, cluster(CBSA)",1336,0.04233542073816146,0.057663505307910264,0.7341804927067779,
two-way FE,sec,"priv share (wnh, US-born)",fb_share,"WLS, cluster(CBSA)",1336,-0.06564793495870487,0.0828794524606424,-0.7920893901884741,
two-way FE horse-race,sec,"priv share (wnh, US-born)",hisp_share,"WLS, cluster(CBSA)",1336,0.03785159258812902,0.05763122741854884,0.6567896309622296,
two-way FE horse-race,sec,"priv share (wnh, US-born)",asian_share,"WLS, cluster(CBSA)",1336,-0.2010063411098259,0.15751981852109914,-1.2760701668971381,
two-way FE horse-race,sec,"priv share (wnh, US-born)",black_share,"WLS, cluster(CBSA)",1336,-0.01672821530293351,0.06655635369191892,-0.2513391190323667,
long 2008-2023,all,"d priv share (wnh, US-born)",d hisp_share,WLS HC1,333,0.13697849194521983,0.08336979191441131,1.643023075862346,
long 2008-2023,all,"d priv share (wnh, US-born)",d fb_share,WLS HC1,333,-0.3052759149515528,0.15215287202238478,-2.006376290462927,
horse-race 2008-2023,all,"d priv share (wnh, US-born)",d hisp_share,WLS HC1,333,0.11237469251708451,0.08402681172066002,1.3373670881463955,
horse-race 2008-2023,all,"d priv share (wnh, US-born)",d asian_share,WLS HC1,333,-0.42438479929399575,0.23139947616802684,-1.8339920483909646,
horse-race 2008-2023,all,"d priv share (wnh, US-born)",d black_share,WLS HC1,333,0.008892843712120275,0.1305004771757924,0.06814414709105662,
by group 2008-2023,all,d priv share (all US-born non-Hispanic),d hisp_share,WLS HC1,333,0.09561817784940602,0.08242098395439537,1.160119344150427,
by group 2008-2023,all,d priv share (US-born Hispanic),d hisp_share,WLS HC1,333,0.0009080017036811972,0.08268400624694942,0.010981588155867777,
generation split 2008-2023,all,"d priv share (wnh, US-born)",d hisp foreign-born share,WLS HC1,333,-0.14547368918167392,0.19419045577743457,-0.7491289342685519,
generation split 2008-2023,all,"d priv share (wnh, US-born)",d hisp US-born share,WLS HC1,333,0.19557556457795122,0.08610668350100185,2.271316890002803,
counts 2008-2023,all,d wnh private enrol (per 100 base),d hispanic public enrol (per 100 base),WLS HC1,333,0.11268933408294964,0.020472173151747975,5.504512552118967,
"counts, growth controlled 2008-2023",all,d wnh private enrol (per 100 base),d hispanic public enrol (per 100 base),"WLS HC1, + d total enrol",333,-0.13510485727531135,0.03877530503462302,-3.4843015974903175,
counts 2008-2023,all,d wnh private enrol (per 100 base),d foreign-born public enrol (per 100 base),WLS HC1,333,-0.006679386945666758,0.09428678661356059,-0.07084117706802949,
"counts, growth controlled 2008-2023",all,d wnh private enrol (per 100 base),d foreign-born public enrol (per 100 base),"WLS HC1, + d total enrol",333,-0.2703863475078188,0.07585432900691827,-3.5645473507933647,
IV 2008-2023,all,"d priv share (wnh, US-born)",d fb_share,2SLS (z_fb),333,-0.2824750097419929,1.2397456029522806,-0.22784917249903383,4.247428106207076
IV 2008-2023,all,"d priv share (wnh, US-born)",d fb_share,2SLS (z_mex),333,0.04646483157262608,0.389491687307319,0.11929608021637732,33.513908107000724
long [SCH def change] 2005-2023,all,"d priv share (wnh, US-born)",d hisp_share,WLS HC1,330,0.14280584998868398,0.07673035298754276,1.8611389681977435,
long [SCH def change] 2005-2023,all,"d priv share (wnh, US-born)",d fb_share,WLS HC1,330,-0.25531112849046284,0.14022605610396008,-1.8207110403303475,
horse-race [SCH def change] 2005-2023,all,"d priv share (wnh, US-born)",d hisp_share,WLS HC1,330,0.11815126267641647,0.08018057094864778,1.4735647461538692,
horse-race [SCH def change] 2005-2023,all,"d priv share (wnh, US-born)",d asian_share,WLS HC1,330,-0.4744980527834386,0.30311295876188477,-1.56541658503023,
horse-race [SCH def change] 2005-2023,all,"d priv share (wnh, US-born)",d black_share,WLS HC1,330,0.010499765119673054,0.13972722976418558,0.07514473118370174,
by group [SCH def change] 2005-2023,all,d priv share (all US-born non-Hispanic),d hisp_share,WLS HC1,330,0.08861902294547833,0.07584216528892124,1.168466414531858,
by group [SCH def change] 2005-2023,all,d priv share (US-born Hispanic),d hisp_share,WLS HC1,330,0.05362011685407677,0.05629803940025235,0.9524331117974318,
generation split [SCH def change] 2005-2023,all,"d priv share (wnh, US-born)",d hisp foreign-born share,WLS HC1,330,-0.18025436689368018,0.1981605907111729,-0.9096378157067984,
generation split [SCH def change] 2005-2023,all,"d priv share (wnh, US-born)",d hisp US-born share,WLS HC1,330,0.18187604211136948,0.07912882893970057,2.298480143690317,
counts [SCH def change] 2005-2023,all,d wnh private enrol (per 100 base),d hispanic public enrol (per 100 base),WLS HC1,330,0.15555759406650602,0.030243415817565695,5.143519336733006,
"counts, growth controlled [SCH def change] 2005-2023",all,d wnh private enrol (per 100 base),d hispanic public enrol (per 100 base),"WLS HC1, + d total enrol",330,-0.1482855552138977,0.032592567425772226,-4.549673957156332,
counts [SCH def change] 2005-2023,all,d wnh private enrol (per 100 base),d foreign-born public enrol (per 100 base),WLS HC1,330,0.14568463066030618,0.09505156853533932,1.532690442726802,
"counts, growth controlled [SCH def change] 2005-2023",all,d wnh private enrol (per 100 base),d foreign-born public enrol (per 100 base),"WLS HC1, + d total enrol",330,-0.21899350429136374,0.07102288744931184,-3.083421586423907,
IV [SCH def change] 2005-2023,all,"d priv share (wnh, US-born)",d fb_share,2SLS (z_fb),330,5.6246176655137585,13.470049913458787,0.41756472334180766,0.17481080590494955
IV [SCH def change] 2005-2023,all,"d priv share (wnh, US-born)",d fb_share,2SLS (z_mex),330,-0.10824052335869934,0.2853514209045838,-0.37932358288446355,68.79989782861917
two-way FE,all,"priv share (wnh, US-born)",hisp_share,"WLS, cluster(CBSA)",1336,0.1141465138142995,0.07165212020498371,1.593065403895196,
two-way FE,all,"priv share (wnh, US-born)",fb_share,"WLS, cluster(CBSA)",1336,-0.2130771135356225,0.10725535807810978,-1.9866337435603636,
two-way FE horse-race,all,"priv share (wnh, US-born)",hisp_share,"WLS, cluster(CBSA)",1336,0.09850607456396651,0.07237128949834884,1.3611208981734937,
two-way FE horse-race,all,"priv share (wnh, US-born)",asian_share,"WLS, cluster(CBSA)",1336,-0.3380549666760058,0.24178856523234019,-1.3981429037025015,
two-way FE horse-race,all,"priv share (wnh, US-born)",black_share,"WLS, cluster(CBSA)",1336,-0.018816356376704525,0.10299320132295003,-0.18269513069802662,
placebo pre-trend 2008-2010 on 2010-2023,elem,d priv share 2008-2010,d hisp_share 2010-2023,WLS HC1,331,0.018161672864186535,0.05759110422152258,0.3153555242547211,
placebo pre-trend 2008-2010 on 2010-2023,sec,d priv share 2008-2010,d hisp_share 2010-2023,WLS HC1,323,0.06543048043131652,0.05623999989606103,1.1634153725505108,
influence: drop 5 largest metros,sec,"d priv share (wnh, US-born)",d hisp_share,WLS HC1,324,0.07989984914797262,0.07609538511327019,1.0499959889688366,
influence: drop California,sec,"d priv share (wnh, US-born)",d hisp_share,WLS HC1,303,0.06485456923119694,0.08027947552188758,0.8078599020432669,
