fiscal_year,propensity_basis,group,index_vs_denominator,expected_ratio_to_nh_white,expected_ratio_to_nh_white_teens,propensity_q1,propensity_q2,propensity_q3,propensity_q4,propensity_q5
FY23,per_teen_15_17,all_population,1.0145,1.00882,1.04242,0.95534,1.4907,1.25085,1.01072,0.42801
FY23,per_teen_15_17,us_born_all,1.01917,1.01346,1.04722,0.95534,1.4907,1.25085,1.01072,0.42801
FY23,per_teen_15_17,us_born_nh_white,1.00564,1.0,1.03331,0.95534,1.4907,1.25085,1.01072,0.42801
FY23,per_teen_15_17,mexican_origin_all,1.08608,1.07999,1.11597,0.95534,1.4907,1.25085,1.01072,0.42801
FY23,per_teen_15_17,mexico_born,1.1123,1.10607,1.14292,0.95534,1.4907,1.25085,1.01072,0.42801
FY23,per_teen_15_17,us_born_mexican_origin,1.07537,1.06935,1.10497,0.95534,1.4907,1.25085,1.01072,0.42801
FY23,per_teen_15_17,india_born,0.7486,0.7444,0.7692,0.95534,1.4907,1.25085,1.01072,0.42801
FY23,per_teen_15_17,asian_indian_all,0.7508,0.7466,0.77147,0.95534,1.4907,1.25085,1.01072,0.42801
FY23,per_teen_15_17,us_born_asian_indian,0.76633,0.76203,0.78742,0.95534,1.4907,1.25085,1.01072,0.42801
FY23,per_teen_15_17,youth_18_24_all,1.03806,1.03224,1.06663,0.95534,1.4907,1.25085,1.01072,0.42801
FY23,per_teen_15_17,youth_18_24_nh_white,1.02607,1.02032,1.05431,0.95534,1.4907,1.25085,1.01072,0.42801
FY23,per_teen_15_17,youth_18_24_hispanic,1.08003,1.07398,1.10975,0.95534,1.4907,1.25085,1.01072,0.42801
FY23,per_teen_15_17,youth_18_24_asian,0.79383,0.78938,0.81568,0.95534,1.4907,1.25085,1.01072,0.42801
FY23,per_teen_15_17,teen_15_17_all,1.0,0.9944,1.02752,0.95534,1.4907,1.25085,1.01072,0.42801
FY23,per_teen_15_17,teen_15_17_nh_white,0.97321,0.96776,1.0,0.95534,1.4907,1.25085,1.01072,0.42801
FY23,per_teen_15_17,teen_15_17_hispanic,1.06572,1.05975,1.09505,0.95534,1.4907,1.25085,1.01072,0.42801
FY23,per_teen_15_17,teen_15_17_asian,0.81376,0.8092,0.83616,0.95534,1.4907,1.25085,1.01072,0.42801
FY23,per_youth_18_24,all_population,1.00629,0.99043,1.00797,0.68206,1.39546,1.2798,1.12434,0.58679
FY23,per_youth_18_24,us_born_all,1.00945,0.99354,1.01113,0.68206,1.39546,1.2798,1.12434,0.58679
FY23,per_youth_18_24,us_born_nh_white,1.01601,1.0,1.0177,0.68206,1.39546,1.2798,1.12434,0.58679
FY23,per_youth_18_24,mexican_origin_all,1.04356,1.02712,1.0453,0.68206,1.39546,1.2798,1.12434,0.58679
FY23,per_youth_18_24,mexico_born,1.05688,1.04023,1.05864,0.68206,1.39546,1.2798,1.12434,0.58679
FY23,per_youth_18_24,us_born_mexican_origin,1.03811,1.02176,1.03985,0.68206,1.39546,1.2798,1.12434,0.58679
FY23,per_youth_18_24,india_born,0.84216,0.82889,0.84357,0.68206,1.39546,1.2798,1.12434,0.58679
FY23,per_youth_18_24,asian_indian_all,0.84111,0.82786,0.84252,0.68206,1.39546,1.2798,1.12434,0.58679
FY23,per_youth_18_24,us_born_asian_indian,0.84772,0.83436,0.84913,0.68206,1.39546,1.2798,1.12434,0.58679
FY23,per_youth_18_24,youth_18_24_all,1.0,0.98425,1.00167,0.68206,1.39546,1.2798,1.12434,0.58679
FY23,per_youth_18_24,youth_18_24_nh_white,1.00217,0.98638,1.00385,0.68206,1.39546,1.2798,1.12434,0.58679
FY23,per_youth_18_24,youth_18_24_hispanic,1.03163,1.01538,1.03336,0.68206,1.39546,1.2798,1.12434,0.58679
FY23,per_youth_18_24,youth_18_24_asian,0.86295,0.84935,0.86439,0.68206,1.39546,1.2798,1.12434,0.58679
FY23,per_youth_18_24,teen_15_17_all,0.99615,0.98045,0.99781,0.68206,1.39546,1.2798,1.12434,0.58679
FY23,per_youth_18_24,teen_15_17_nh_white,0.99833,0.9826,1.0,0.68206,1.39546,1.2798,1.12434,0.58679
FY23,per_youth_18_24,teen_15_17_hispanic,1.02978,1.01355,1.0315,0.68206,1.39546,1.2798,1.12434,0.58679
FY23,per_youth_18_24,teen_15_17_asian,0.88572,0.87177,0.8872,0.68206,1.39546,1.2798,1.12434,0.58679
FY23,per_household,all_population,0.99219,1.00529,1.03343,0.89896,1.41089,1.21427,0.99683,0.49282
FY23,per_household,us_born_all,0.99617,1.00931,1.03757,0.89896,1.41089,1.21427,0.99683,0.49282
FY23,per_household,us_born_nh_white,0.98698,1.0,1.02799,0.89896,1.41089,1.21427,0.99683,0.49282
FY23,per_household,mexican_origin_all,1.05146,1.06534,1.09516,0.89896,1.41089,1.21427,0.99683,0.49282
FY23,per_household,mexico_born,1.07326,1.08743,1.11787,0.89896,1.41089,1.21427,0.99683,0.49282
FY23,per_household,us_born_mexican_origin,1.04257,1.05632,1.08589,0.89896,1.41089,1.21427,0.99683,0.49282
FY23,per_household,india_born,0.76856,0.7787,0.8005,0.89896,1.41089,1.21427,0.99683,0.49282
FY23,per_household,asian_indian_all,0.77013,0.78029,0.80213,0.89896,1.41089,1.21427,0.99683,0.49282
FY23,per_household,us_born_asian_indian,0.78282,0.79315,0.81536,0.89896,1.41089,1.21427,0.99683,0.49282
FY23,per_household,youth_18_24_all,1.009,1.02231,1.05093,0.89896,1.41089,1.21427,0.99683,0.49282
FY23,per_household,youth_18_24_nh_white,1.00034,1.01354,1.04191,0.89896,1.41089,1.21427,0.99683,0.49282
FY23,per_household,youth_18_24_hispanic,1.04519,1.05898,1.08862,0.89896,1.41089,1.21427,0.99683,0.49282
FY23,per_household,youth_18_24_asian,0.80556,0.81619,0.83904,0.89896,1.41089,1.21427,0.99683,0.49282
FY23,per_household,teen_15_17_all,0.97988,0.99281,1.0206,0.89896,1.41089,1.21427,0.99683,0.49282
FY23,per_household,teen_15_17_nh_white,0.9601,0.97277,1.0,0.89896,1.41089,1.21427,0.99683,0.49282
FY23,per_household,teen_15_17_hispanic,1.03418,1.04783,1.07716,0.89896,1.41089,1.21427,0.99683,0.49282
FY23,per_household,teen_15_17_asian,0.82391,0.83478,0.85815,0.89896,1.41089,1.21427,0.99683,0.49282
FY22,per_teen_15_17,all_population,1.01435,1.01848,1.05587,1.09575,1.46334,1.22304,1.00559,0.45279
FY22,per_teen_15_17,us_born_all,1.01893,1.02308,1.06064,1.09575,1.46334,1.22304,1.00559,0.45279
FY22,per_teen_15_17,us_born_nh_white,0.99594,1.0,1.03672,1.09575,1.46334,1.22304,1.00559,0.45279
FY22,per_teen_15_17,mexican_origin_all,1.09515,1.09961,1.13999,1.09575,1.46334,1.22304,1.00559,0.45279
FY22,per_teen_15_17,mexico_born,1.12453,1.12911,1.17057,1.09575,1.46334,1.22304,1.00559,0.45279
FY22,per_teen_15_17,us_born_mexican_origin,1.08314,1.08755,1.12748,1.09575,1.46334,1.22304,1.00559,0.45279
FY22,per_teen_15_17,india_born,0.73802,0.74103,0.76824,1.09575,1.46334,1.22304,1.00559,0.45279
FY22,per_teen_15_17,asian_indian_all,0.7422,0.74523,0.77259,1.09575,1.46334,1.22304,1.00559,0.45279
FY22,per_teen_15_17,us_born_asian_indian,0.76078,0.76388,0.79193,1.09575,1.46334,1.22304,1.00559,0.45279
FY22,per_teen_15_17,youth_18_24_all,1.0509,1.05518,1.09392,1.09575,1.46334,1.22304,1.00559,0.45279
FY22,per_teen_15_17,youth_18_24_nh_white,1.03239,1.03659,1.07465,1.09575,1.46334,1.22304,1.00559,0.45279
FY22,per_teen_15_17,youth_18_24_hispanic,1.09304,1.0975,1.13779,1.09575,1.46334,1.22304,1.00559,0.45279
FY22,per_teen_15_17,youth_18_24_asian,0.78952,0.79274,0.82184,1.09575,1.46334,1.22304,1.00559,0.45279
FY22,per_teen_15_17,teen_15_17_all,1.0,1.00407,1.04094,1.09575,1.46334,1.22304,1.00559,0.45279
FY22,per_teen_15_17,teen_15_17_nh_white,0.96067,0.96459,1.0,1.09575,1.46334,1.22304,1.00559,0.45279
FY22,per_teen_15_17,teen_15_17_hispanic,1.07419,1.07857,1.11817,1.09575,1.46334,1.22304,1.00559,0.45279
FY22,per_teen_15_17,teen_15_17_asian,0.80392,0.80719,0.83683,1.09575,1.46334,1.22304,1.00559,0.45279
FY22,per_youth_18_24,all_population,0.99734,0.9971,1.01676,0.75708,1.34151,1.23587,1.09814,0.61201
FY22,per_youth_18_24,us_born_all,1.0004,1.00016,1.01989,0.75708,1.34151,1.23587,1.09814,0.61201
FY22,per_youth_18_24,us_born_nh_white,1.00024,1.0,1.01972,0.75708,1.34151,1.23587,1.09814,0.61201
FY22,per_youth_18_24,mexican_origin_all,1.04145,1.0412,1.06174,0.75708,1.34151,1.23587,1.09814,0.61201
FY22,per_youth_18_24,mexico_born,1.05701,1.05676,1.0776,0.75708,1.34151,1.23587,1.09814,0.61201
FY22,per_youth_18_24,us_born_mexican_origin,1.03507,1.03482,1.05523,0.75708,1.34151,1.23587,1.09814,0.61201
FY22,per_youth_18_24,india_born,0.82875,0.82855,0.84489,0.75708,1.34151,1.23587,1.09814,0.61201
FY22,per_youth_18_24,asian_indian_all,0.82943,0.82924,0.84559,0.75708,1.34151,1.23587,1.09814,0.61201
FY22,per_youth_18_24,us_born_asian_indian,0.83844,0.83824,0.85477,0.75708,1.34151,1.23587,1.09814,0.61201
FY22,per_youth_18_24,youth_18_24_all,1.0,0.99976,1.01948,0.75708,1.34151,1.23587,1.09814,0.61201
FY22,per_youth_18_24,youth_18_24_nh_white,0.99745,0.99721,1.01688,0.75708,1.34151,1.23587,1.09814,0.61201
FY22,per_youth_18_24,youth_18_24_hispanic,1.03212,1.03188,1.05223,0.75708,1.34151,1.23587,1.09814,0.61201
FY22,per_youth_18_24,youth_18_24_asian,0.85348,0.85328,0.87011,0.75708,1.34151,1.23587,1.09814,0.61201
FY22,per_youth_18_24,teen_15_17_all,0.98759,0.98735,1.00683,0.75708,1.34151,1.23587,1.09814,0.61201
FY22,per_youth_18_24,teen_15_17_nh_white,0.98089,0.98066,1.0,0.75708,1.34151,1.23587,1.09814,0.61201
FY22,per_youth_18_24,teen_15_17_hispanic,1.02701,1.02677,1.04702,0.75708,1.34151,1.23587,1.09814,0.61201
FY22,per_youth_18_24,teen_15_17_asian,0.87201,0.8718,0.889,0.75708,1.34151,1.23587,1.09814,0.61201
FY22,per_household,all_population,0.99131,1.01459,1.04621,1.03219,1.38103,1.18377,0.98295,0.51545
FY22,per_household,us_born_all,0.9952,1.01858,1.05033,1.03219,1.38103,1.18377,0.98295,0.51545
FY22,per_household,us_born_nh_white,0.97705,1.0,1.03117,1.03219,1.38103,1.18377,0.98295,0.51545
FY22,per_household,mexican_origin_all,1.05917,1.08405,1.11784,1.03219,1.38103,1.18377,0.98295,0.51545
FY22,per_household,mexico_born,1.08393,1.10939,1.14397,1.03219,1.38103,1.18377,0.98295,0.51545
FY22,per_household,us_born_mexican_origin,1.04905,1.07369,1.10715,1.03219,1.38103,1.18377,0.98295,0.51545
FY22,per_household,india_born,0.75794,0.77575,0.79993,1.03219,1.38103,1.18377,0.98295,0.51545
FY22,per_household,asian_indian_all,0.76136,0.77925,0.80354,1.03219,1.38103,1.18377,0.98295,0.51545
FY22,per_household,us_born_asian_indian,0.77691,0.79516,0.81994,1.03219,1.38103,1.18377,0.98295,0.51545
FY22,per_household,youth_18_24_all,1.02044,1.04441,1.07696,1.03219,1.38103,1.18377,0.98295,0.51545
FY22,per_household,youth_18_24_nh_white,1.00562,1.02924,1.06132,1.03219,1.38103,1.18377,0.98295,0.51545
FY22,per_household,youth_18_24_hispanic,1.05667,1.08148,1.11519,1.03219,1.38103,1.18377,0.98295,0.51545
FY22,per_household,youth_18_24_asian,0.80084,0.81965,0.84519,1.03219,1.38103,1.18377,0.98295,0.51545
FY22,per_household,teen_15_17_all,0.97917,1.00217,1.0334,1.03219,1.38103,1.18377,0.98295,0.51545
FY22,per_household,teen_15_17_nh_white,0.94752,0.96977,1.0,1.03219,1.38103,1.18377,0.98295,0.51545
FY22,per_household,teen_15_17_hispanic,1.04133,1.06579,1.09901,1.03219,1.38103,1.18377,0.98295,0.51545
FY22,per_household,teen_15_17_asian,0.81396,0.83307,0.85904,1.03219,1.38103,1.18377,0.98295,0.51545
