family_arm,earnings_arm,self_employment,coverage_scale,adjustment,group,band,adjustment_per_person
observed_family,individual,True,1.0,accrual_only,mexico_born,0,-252.46177365062061
observed_family,individual,True,1.0,accrual_only,mexico_born,1,-3338.117297295145
observed_family,individual,True,1.0,accrual_only,mexico_born,2,-6924.577897149937
observed_family,individual,True,1.0,accrual_only,mexico_born,3,-7614.646882067586
observed_family,individual,True,1.0,accrual_only,mexico_born,4,-8521.523990220541
observed_family,individual,True,1.0,accrual_only,mexico_born,5,-6884.939067021482
observed_family,individual,True,1.0,accrual_only,mexico_born,6,-2996.5265100138395
observed_family,individual,True,1.0,accrual_only,mexico_born,7,-656.1384509096447
observed_family,individual,True,1.0,accrual_only,mexican_second_gen,0,-42.516039463056124
observed_family,individual,True,1.0,accrual_only,mexican_second_gen,1,-3545.423833255206
observed_family,individual,True,1.0,accrual_only,mexican_second_gen,2,-7477.14921776974
observed_family,individual,True,1.0,accrual_only,mexican_second_gen,3,-9121.221145232554
observed_family,individual,True,1.0,accrual_only,mexican_second_gen,4,-8700.90458558429
observed_family,individual,True,1.0,accrual_only,mexican_second_gen,5,-7268.875964137094
observed_family,individual,True,1.0,accrual_only,mexican_second_gen,6,-2310.3773339494396
observed_family,individual,True,1.0,accrual_only,mexican_second_gen,7,-726.1210658624582
observed_family,individual,True,1.0,accrual_only,mexican_third_plus_selfid,0,-63.86126032079332
observed_family,individual,True,1.0,accrual_only,mexican_third_plus_selfid,1,-3430.680370566171
observed_family,individual,True,1.0,accrual_only,mexican_third_plus_selfid,2,-7530.053583024152
observed_family,individual,True,1.0,accrual_only,mexican_third_plus_selfid,3,-8969.764635207423
observed_family,individual,True,1.0,accrual_only,mexican_third_plus_selfid,4,-9918.751570065624
observed_family,individual,True,1.0,accrual_only,mexican_third_plus_selfid,5,-6874.565066695119
observed_family,individual,True,1.0,accrual_only,mexican_third_plus_selfid,6,-2816.435801013165
observed_family,individual,True,1.0,accrual_only,mexican_third_plus_selfid,7,-768.0588167401053
observed_family,individual,True,1.0,accrual_only,third_plus_nh_white,0,-98.70757723822987
observed_family,individual,True,1.0,accrual_only,third_plus_nh_white,1,-3868.5392149841123
observed_family,individual,True,1.0,accrual_only,third_plus_nh_white,2,-8537.299247426059
observed_family,individual,True,1.0,accrual_only,third_plus_nh_white,3,-10566.330041499745
observed_family,individual,True,1.0,accrual_only,third_plus_nh_white,4,-11180.569075715772
observed_family,individual,True,1.0,accrual_only,third_plus_nh_white,5,-8726.183897359717
observed_family,individual,True,1.0,accrual_only,third_plus_nh_white,6,-3179.7072140862347
observed_family,individual,True,1.0,accrual_only,third_plus_nh_white,7,-872.1721136298847
observed_family,individual,True,1.0,accrual_only,all_native,0,-80.89857471857746
observed_family,individual,True,1.0,accrual_only,all_native,1,-3520.7242632416237
observed_family,individual,True,1.0,accrual_only,all_native,2,-8014.657016800889
observed_family,individual,True,1.0,accrual_only,all_native,3,-10103.449752130395
observed_family,individual,True,1.0,accrual_only,all_native,4,-10633.376127799133
observed_family,individual,True,1.0,accrual_only,all_native,5,-8330.203317496873
observed_family,individual,True,1.0,accrual_only,all_native,6,-3093.6293501568293
observed_family,individual,True,1.0,accrual_only,all_native,7,-841.2714983784524
observed_family,individual,True,1.0,accrual_only,mexican_observed_total,0,-62.81512145646714
observed_family,individual,True,1.0,accrual_only,mexican_observed_total,1,-3483.543448847035
observed_family,individual,True,1.0,accrual_only,mexican_observed_total,2,-7344.537062295668
observed_family,individual,True,1.0,accrual_only,mexican_observed_total,3,-8394.614779214297
observed_family,individual,True,1.0,accrual_only,mexican_observed_total,4,-8885.144529985668
observed_family,individual,True,1.0,accrual_only,mexican_observed_total,5,-6937.7908128757845
observed_family,individual,True,1.0,accrual_only,mexican_observed_total,6,-2838.299909693955
observed_family,individual,True,1.0,accrual_only,mexican_observed_total,7,-706.1729240102871
observed_family,individual,True,1.0,cash_to_accrual,mexico_born,0,132.62288829618674
observed_family,individual,True,1.0,cash_to_accrual,mexico_born,1,-3039.8705462715784
observed_family,individual,True,1.0,cash_to_accrual,mexico_born,2,-6693.499860880881
observed_family,individual,True,1.0,cash_to_accrual,mexico_born,3,-7401.726369406566
observed_family,individual,True,1.0,cash_to_accrual,mexico_born,4,-8190.678617175426
observed_family,individual,True,1.0,cash_to_accrual,mexico_born,5,-5597.330298727599
observed_family,individual,True,1.0,cash_to_accrual,mexico_born,6,6353.422484932212
observed_family,individual,True,1.0,cash_to_accrual,mexico_born,7,9608.503105900076
observed_family,individual,True,1.0,cash_to_accrual,mexican_second_gen,0,-0.731593689397611
observed_family,individual,True,1.0,cash_to_accrual,mexican_second_gen,1,-3369.1012370198487
observed_family,individual,True,1.0,cash_to_accrual,mexican_second_gen,2,-7346.721307431367
observed_family,individual,True,1.0,cash_to_accrual,mexican_second_gen,3,-8855.429528419674
observed_family,individual,True,1.0,cash_to_accrual,mexican_second_gen,4,-8128.974076438088
observed_family,individual,True,1.0,cash_to_accrual,mexican_second_gen,5,-5355.763015700616
observed_family,individual,True,1.0,cash_to_accrual,mexican_second_gen,6,13358.872735441948
observed_family,individual,True,1.0,cash_to_accrual,mexican_second_gen,7,15771.617962850385
observed_family,individual,True,1.0,cash_to_accrual,mexican_third_plus_selfid,0,7.082048022277188
observed_family,individual,True,1.0,cash_to_accrual,mexican_third_plus_selfid,1,-3158.2404039463017
observed_family,individual,True,1.0,cash_to_accrual,mexican_third_plus_selfid,2,-7405.8982853985
observed_family,individual,True,1.0,cash_to_accrual,mexican_third_plus_selfid,3,-8481.785715082828
observed_family,individual,True,1.0,cash_to_accrual,mexican_third_plus_selfid,4,-9043.34797041958
observed_family,individual,True,1.0,cash_to_accrual,mexican_third_plus_selfid,5,-4552.231475529905
observed_family,individual,True,1.0,cash_to_accrual,mexican_third_plus_selfid,6,11057.274414132868
observed_family,individual,True,1.0,cash_to_accrual,mexican_third_plus_selfid,7,13465.629852503092
observed_family,individual,True,1.0,cash_to_accrual,third_plus_nh_white,0,-11.201808984614994
observed_family,individual,True,1.0,cash_to_accrual,third_plus_nh_white,1,-3674.271005423846
observed_family,individual,True,1.0,cash_to_accrual,third_plus_nh_white,2,-8231.626671373366
observed_family,individual,True,1.0,cash_to_accrual,third_plus_nh_white,3,-10074.60425586899
observed_family,individual,True,1.0,cash_to_accrual,third_plus_nh_white,4,-10303.561777183017
observed_family,individual,True,1.0,cash_to_accrual,third_plus_nh_white,5,-6159.696853244218
observed_family,individual,True,1.0,cash_to_accrual,third_plus_nh_white,6,14019.239134068635
observed_family,individual,True,1.0,cash_to_accrual,third_plus_nh_white,7,19484.86267988303
observed_family,individual,True,1.0,cash_to_accrual,all_native,0,-1.4627424817670138
observed_family,individual,True,1.0,cash_to_accrual,all_native,1,-3317.523769618625
observed_family,individual,True,1.0,cash_to_accrual,all_native,2,-7740.808104285369
observed_family,individual,True,1.0,cash_to_accrual,all_native,3,-9623.610527393806
observed_family,individual,True,1.0,cash_to_accrual,all_native,4,-9735.95991657991
observed_family,individual,True,1.0,cash_to_accrual,all_native,5,-5686.487028867531
observed_family,individual,True,1.0,cash_to_accrual,all_native,6,13565.5790622575
observed_family,individual,True,1.0,cash_to_accrual,all_native,7,18880.5405669405
observed_family,individual,True,1.0,cash_to_accrual,mexican_observed_total,0,9.243649841855834
observed_family,individual,True,1.0,cash_to_accrual,mexican_observed_total,1,-3261.357380798078
observed_family,individual,True,1.0,cash_to_accrual,mexican_observed_total,2,-7188.924616519084
observed_family,individual,True,1.0,cash_to_accrual,mexican_observed_total,3,-8091.124424120617
observed_family,individual,True,1.0,cash_to_accrual,mexican_observed_total,4,-8381.789198025124
observed_family,individual,True,1.0,cash_to_accrual,mexican_observed_total,5,-5320.833778120369
observed_family,individual,True,1.0,cash_to_accrual,mexican_observed_total,6,8850.0787852516
observed_family,individual,True,1.0,cash_to_accrual,mexican_observed_total,7,12044.219922140896
observed_family,individual,False,1.0,accrual_only,mexico_born,0,-252.46177365062061
observed_family,individual,False,1.0,accrual_only,mexico_born,1,-3055.9908105088684
observed_family,individual,False,1.0,accrual_only,mexico_born,2,-6410.262523633341
observed_family,individual,False,1.0,accrual_only,mexico_born,3,-6729.225094247326
observed_family,individual,False,1.0,accrual_only,mexico_born,4,-7343.566532178138
observed_family,individual,False,1.0,accrual_only,mexico_born,5,-5888.403607573232
observed_family,individual,False,1.0,accrual_only,mexico_born,6,-2385.402907833828
observed_family,individual,False,1.0,accrual_only,mexico_born,7,-565.6385451772072
observed_family,individual,False,1.0,accrual_only,mexican_second_gen,0,-42.516039463056124
observed_family,individual,False,1.0,accrual_only,mexican_second_gen,1,-3442.877270190146
observed_family,individual,False,1.0,accrual_only,mexican_second_gen,2,-7138.475189448473
observed_family,individual,False,1.0,accrual_only,mexican_second_gen,3,-8244.168175037465
observed_family,individual,False,1.0,accrual_only,mexican_second_gen,4,-7999.094544139576
observed_family,individual,False,1.0,accrual_only,mexican_second_gen,5,-6895.522570166886
observed_family,individual,False,1.0,accrual_only,mexican_second_gen,6,-2154.621817554343
observed_family,individual,False,1.0,accrual_only,mexican_second_gen,7,-479.1112178232695
observed_family,individual,False,1.0,accrual_only,mexican_third_plus_selfid,0,-63.734880807082114
observed_family,individual,False,1.0,accrual_only,mexican_third_plus_selfid,1,-3276.488140132809
observed_family,individual,False,1.0,accrual_only,mexican_third_plus_selfid,2,-7084.986976208359
observed_family,individual,False,1.0,accrual_only,mexican_third_plus_selfid,3,-8366.292737249949
observed_family,individual,False,1.0,accrual_only,mexican_third_plus_selfid,4,-9133.71217295132
observed_family,individual,False,1.0,accrual_only,mexican_third_plus_selfid,5,-6548.101953781142
observed_family,individual,False,1.0,accrual_only,mexican_third_plus_selfid,6,-2493.670160579355
observed_family,individual,False,1.0,accrual_only,mexican_third_plus_selfid,7,-640.8491859339986
observed_family,individual,False,1.0,accrual_only,third_plus_nh_white,0,-94.92350001689216
observed_family,individual,False,1.0,accrual_only,third_plus_nh_white,1,-3768.082232466967
observed_family,individual,False,1.0,accrual_only,third_plus_nh_white,2,-8098.209228192151
observed_family,individual,False,1.0,accrual_only,third_plus_nh_white,3,-9696.862503784929
observed_family,individual,False,1.0,accrual_only,third_plus_nh_white,4,-10103.203497003518
observed_family,individual,False,1.0,accrual_only,third_plus_nh_white,5,-7880.914894469543
observed_family,individual,False,1.0,accrual_only,third_plus_nh_white,6,-2650.9962581250684
observed_family,individual,False,1.0,accrual_only,third_plus_nh_white,7,-562.0418191435328
observed_family,individual,False,1.0,accrual_only,all_native,0,-77.59740485164991
observed_family,individual,False,1.0,accrual_only,all_native,1,-3432.5908133251423
observed_family,individual,False,1.0,accrual_only,all_native,2,-7646.1849846339
observed_family,individual,False,1.0,accrual_only,all_native,3,-9322.898389329324
observed_family,individual,False,1.0,accrual_only,all_native,4,-9698.357636149529
observed_family,individual,False,1.0,accrual_only,all_native,5,-7553.904629683974
observed_family,individual,False,1.0,accrual_only,all_native,6,-2622.036444280445
observed_family,individual,False,1.0,accrual_only,all_native,7,-571.3686580980725
observed_family,individual,False,1.0,accrual_only,mexican_observed_total,0,-62.75091591092134
observed_family,individual,False,1.0,accrual_only,mexican_observed_total,1,-3343.185169611848
observed_family,individual,False,1.0,accrual_only,mexican_observed_total,2,-6926.0061442901315
observed_family,individual,False,1.0,accrual_only,mexican_observed_total,3,-7589.757476000741
observed_family,individual,False,1.0,accrual_only,mexican_observed_total,4,-7886.020205771937
observed_family,individual,False,1.0,accrual_only,mexican_observed_total,5,-6185.924670376126
observed_family,individual,False,1.0,accrual_only,mexican_observed_total,6,-2384.1119214297646
observed_family,individual,False,1.0,accrual_only,mexican_observed_total,7,-573.9351064295101
observed_family,individual,False,1.0,cash_to_accrual,mexico_born,0,132.62288829618674
observed_family,individual,False,1.0,cash_to_accrual,mexico_born,1,-2757.744059485304
observed_family,individual,False,1.0,cash_to_accrual,mexico_born,2,-6179.184487364282
observed_family,individual,False,1.0,cash_to_accrual,mexico_born,3,-6516.304581586299
observed_family,individual,False,1.0,cash_to_accrual,mexico_born,4,-7012.721159133026
observed_family,individual,False,1.0,cash_to_accrual,mexico_born,5,-4600.794839279353
observed_family,individual,False,1.0,cash_to_accrual,mexico_born,6,6964.54608711222
observed_family,individual,False,1.0,cash_to_accrual,mexico_born,7,9699.003011632512
observed_family,individual,False,1.0,cash_to_accrual,mexican_second_gen,0,-0.731593689397611
observed_family,individual,False,1.0,cash_to_accrual,mexican_second_gen,1,-3266.55467395479
observed_family,individual,False,1.0,cash_to_accrual,mexican_second_gen,2,-7008.047279110096
observed_family,individual,False,1.0,cash_to_accrual,mexican_second_gen,3,-7978.376558224582
observed_family,individual,False,1.0,cash_to_accrual,mexican_second_gen,4,-7427.164034993373
observed_family,individual,False,1.0,cash_to_accrual,mexican_second_gen,5,-4982.4096217304095
observed_family,individual,False,1.0,cash_to_accrual,mexican_second_gen,6,13514.628251837043
observed_family,individual,False,1.0,cash_to_accrual,mexican_second_gen,7,16018.627810889571
observed_family,individual,False,1.0,cash_to_accrual,mexican_third_plus_selfid,0,7.208427535988402
observed_family,individual,False,1.0,cash_to_accrual,mexican_third_plus_selfid,1,-3004.0481735129397
observed_family,individual,False,1.0,cash_to_accrual,mexican_third_plus_selfid,2,-6960.8316785827055
observed_family,individual,False,1.0,cash_to_accrual,mexican_third_plus_selfid,3,-7878.313817125352
observed_family,individual,False,1.0,cash_to_accrual,mexican_third_plus_selfid,4,-8258.308573305272
observed_family,individual,False,1.0,cash_to_accrual,mexican_third_plus_selfid,5,-4225.768362615926
observed_family,individual,False,1.0,cash_to_accrual,mexican_third_plus_selfid,6,11380.04005456668
observed_family,individual,False,1.0,cash_to_accrual,mexican_third_plus_selfid,7,13592.839483309202
observed_family,individual,False,1.0,cash_to_accrual,third_plus_nh_white,0,-7.41773176327725
observed_family,individual,False,1.0,cash_to_accrual,third_plus_nh_white,1,-3573.814022906701
observed_family,individual,False,1.0,cash_to_accrual,third_plus_nh_white,2,-7792.536652139432
observed_family,individual,False,1.0,cash_to_accrual,third_plus_nh_white,3,-9205.136718154186
observed_family,individual,False,1.0,cash_to_accrual,third_plus_nh_white,4,-9226.19619847078
observed_family,individual,False,1.0,cash_to_accrual,third_plus_nh_white,5,-5314.427850354032
observed_family,individual,False,1.0,cash_to_accrual,third_plus_nh_white,6,14547.950090029837
observed_family,individual,False,1.0,cash_to_accrual,third_plus_nh_white,7,19794.992974369434
observed_family,individual,False,1.0,cash_to_accrual,all_native,0,1.8384273851604955
observed_family,individual,False,1.0,cash_to_accrual,all_native,1,-3229.3903197021477
observed_family,individual,False,1.0,cash_to_accrual,all_native,2,-7372.336072118372
observed_family,individual,False,1.0,cash_to_accrual,all_native,3,-8843.059164592756
observed_family,individual,False,1.0,cash_to_accrual,all_native,4,-8800.941424930328
observed_family,individual,False,1.0,cash_to_accrual,all_native,5,-4910.188341054628
observed_family,individual,False,1.0,cash_to_accrual,all_native,6,14037.17196813389
observed_family,individual,False,1.0,cash_to_accrual,all_native,7,19150.443407220875
observed_family,individual,False,1.0,cash_to_accrual,mexican_observed_total,0,9.307855387401633
observed_family,individual,False,1.0,cash_to_accrual,mexican_observed_total,1,-3120.9991015628902
observed_family,individual,False,1.0,cash_to_accrual,mexican_observed_total,2,-6770.393698513546
observed_family,individual,False,1.0,cash_to_accrual,mexican_observed_total,3,-7286.267120907065
observed_family,individual,False,1.0,cash_to_accrual,mexican_observed_total,4,-7382.664873811398
observed_family,individual,False,1.0,cash_to_accrual,mexican_observed_total,5,-4568.96763562072
observed_family,individual,False,1.0,cash_to_accrual,mexican_observed_total,6,9304.266773515801
observed_family,individual,False,1.0,cash_to_accrual,mexican_observed_total,7,12176.457739721674
observed_family,group_mean,True,1.0,accrual_only,mexico_born,0,-247.38346787149743
observed_family,group_mean,True,1.0,accrual_only,mexico_born,1,-3263.1209744118696
observed_family,group_mean,True,1.0,accrual_only,mexico_born,2,-8314.69477566562
observed_family,group_mean,True,1.0,accrual_only,mexico_born,3,-8962.593633974415
observed_family,group_mean,True,1.0,accrual_only,mexico_born,4,-9914.256050451046
observed_family,group_mean,True,1.0,accrual_only,mexico_born,5,-7812.565964930268
observed_family,group_mean,True,1.0,accrual_only,mexico_born,6,-3324.640768739546
observed_family,group_mean,True,1.0,accrual_only,mexico_born,7,-753.9538612029554
observed_family,group_mean,True,1.0,accrual_only,mexican_second_gen,0,-25.73106061879014
observed_family,group_mean,True,1.0,accrual_only,mexican_second_gen,1,-2717.2430669967066
observed_family,group_mean,True,1.0,accrual_only,mexican_second_gen,2,-7238.196250865365
observed_family,group_mean,True,1.0,accrual_only,mexican_second_gen,3,-9626.265864678646
observed_family,group_mean,True,1.0,accrual_only,mexican_second_gen,4,-9420.086069550202
observed_family,group_mean,True,1.0,accrual_only,mexican_second_gen,5,-8166.472456114896
observed_family,group_mean,True,1.0,accrual_only,mexican_second_gen,6,-2455.9487112177676
observed_family,group_mean,True,1.0,accrual_only,mexican_second_gen,7,-591.2292123741626
observed_family,group_mean,True,1.0,accrual_only,mexican_third_plus_selfid,0,-58.06956181661207
observed_family,group_mean,True,1.0,accrual_only,mexican_third_plus_selfid,1,-2602.1384582088535
observed_family,group_mean,True,1.0,accrual_only,mexican_third_plus_selfid,2,-7529.0411338291615
observed_family,group_mean,True,1.0,accrual_only,mexican_third_plus_selfid,3,-9987.943995572356
observed_family,group_mean,True,1.0,accrual_only,mexican_third_plus_selfid,4,-10974.80430890986
observed_family,group_mean,True,1.0,accrual_only,mexican_third_plus_selfid,5,-7277.305760475746
observed_family,group_mean,True,1.0,accrual_only,mexican_third_plus_selfid,6,-2863.8822023398125
observed_family,group_mean,True,1.0,accrual_only,mexican_third_plus_selfid,7,-701.412868409842
observed_family,group_mean,True,1.0,accrual_only,third_plus_nh_white,0,-63.3283550163629
observed_family,group_mean,True,1.0,accrual_only,third_plus_nh_white,1,-3164.260365081483
observed_family,group_mean,True,1.0,accrual_only,third_plus_nh_white,2,-9273.761611974453
observed_family,group_mean,True,1.0,accrual_only,third_plus_nh_white,3,-12411.347727699875
observed_family,group_mean,True,1.0,accrual_only,third_plus_nh_white,4,-13287.374142545526
observed_family,group_mean,True,1.0,accrual_only,third_plus_nh_white,5,-10103.139236212603
observed_family,group_mean,True,1.0,accrual_only,third_plus_nh_white,6,-3298.3677138449066
observed_family,group_mean,True,1.0,accrual_only,third_plus_nh_white,7,-746.7564039616453
observed_family,group_mean,True,1.0,accrual_only,all_native,0,-57.08005194496754
observed_family,group_mean,True,1.0,accrual_only,all_native,1,-2832.8919837057733
observed_family,group_mean,True,1.0,accrual_only,all_native,2,-8541.67900587111
observed_family,group_mean,True,1.0,accrual_only,all_native,3,-11697.956822796355
observed_family,group_mean,True,1.0,accrual_only,all_native,4,-12498.910593867837
observed_family,group_mean,True,1.0,accrual_only,all_native,5,-9521.037312409784
observed_family,group_mean,True,1.0,accrual_only,all_native,6,-3201.30203177098
observed_family,group_mean,True,1.0,accrual_only,all_native,7,-736.4612887040338
observed_family,group_mean,True,1.0,accrual_only,mexican_observed_total,0,-52.14235250905148
observed_family,group_mean,True,1.0,accrual_only,mexican_observed_total,1,-2742.1936723984227
observed_family,group_mean,True,1.0,accrual_only,mexican_observed_total,2,-7617.091466223467
observed_family,group_mean,True,1.0,accrual_only,mexican_observed_total,3,-9425.187706764113
observed_family,group_mean,True,1.0,accrual_only,mexican_observed_total,4,-10076.870228162159
observed_family,group_mean,True,1.0,accrual_only,mexican_observed_total,5,-7739.688987106588
observed_family,group_mean,True,1.0,accrual_only,mexican_observed_total,6,-3052.7342601136725
observed_family,group_mean,True,1.0,accrual_only,mexican_observed_total,7,-705.8372038662619
observed_family,group_mean,True,1.0,cash_to_accrual,mexico_born,0,137.70119407530993
observed_family,group_mean,True,1.0,cash_to_accrual,mexico_born,1,-2964.8742233883045
observed_family,group_mean,True,1.0,cash_to_accrual,mexico_born,2,-8083.616739396564
observed_family,group_mean,True,1.0,cash_to_accrual,mexico_born,3,-8749.67312131339
observed_family,group_mean,True,1.0,cash_to_accrual,mexico_born,4,-9583.410677405931
observed_family,group_mean,True,1.0,cash_to_accrual,mexico_born,5,-6524.957196636383
observed_family,group_mean,True,1.0,cash_to_accrual,mexico_born,6,6025.308226206506
observed_family,group_mean,True,1.0,cash_to_accrual,mexico_born,7,9510.687695606764
observed_family,group_mean,True,1.0,cash_to_accrual,mexican_second_gen,0,16.05338515486838
observed_family,group_mean,True,1.0,cash_to_accrual,mexican_second_gen,1,-2540.9204707613503
observed_family,group_mean,True,1.0,cash_to_accrual,mexican_second_gen,2,-7107.768340526987
observed_family,group_mean,True,1.0,cash_to_accrual,mexican_second_gen,3,-9360.474247865764
observed_family,group_mean,True,1.0,cash_to_accrual,mexican_second_gen,4,-8848.155560403999
observed_family,group_mean,True,1.0,cash_to_accrual,mexican_second_gen,5,-6253.359507678419
observed_family,group_mean,True,1.0,cash_to_accrual,mexican_second_gen,6,13213.301358173621
observed_family,group_mean,True,1.0,cash_to_accrual,mexican_second_gen,7,15906.50981633868
observed_family,group_mean,True,1.0,cash_to_accrual,mexican_third_plus_selfid,0,12.873746526458433
observed_family,group_mean,True,1.0,cash_to_accrual,mexican_third_plus_selfid,1,-2329.6984915889866
observed_family,group_mean,True,1.0,cash_to_accrual,mexican_third_plus_selfid,2,-7404.885836203507
observed_family,group_mean,True,1.0,cash_to_accrual,mexican_third_plus_selfid,3,-9499.965075447759
observed_family,group_mean,True,1.0,cash_to_accrual,mexican_third_plus_selfid,4,-10099.400709263811
observed_family,group_mean,True,1.0,cash_to_accrual,mexican_third_plus_selfid,5,-4954.972169310525
observed_family,group_mean,True,1.0,cash_to_accrual,mexican_third_plus_selfid,6,11009.828012806218
observed_family,group_mean,True,1.0,cash_to_accrual,mexican_third_plus_selfid,7,13532.27580083336
observed_family,group_mean,True,1.0,cash_to_accrual,third_plus_nh_white,0,24.177413237251884
observed_family,group_mean,True,1.0,cash_to_accrual,third_plus_nh_white,1,-2969.9921555212127
observed_family,group_mean,True,1.0,cash_to_accrual,third_plus_nh_white,2,-8968.08903592175
observed_family,group_mean,True,1.0,cash_to_accrual,third_plus_nh_white,3,-11919.621942069136
observed_family,group_mean,True,1.0,cash_to_accrual,third_plus_nh_white,4,-12410.366844012762
observed_family,group_mean,True,1.0,cash_to_accrual,third_plus_nh_white,5,-7536.65219209713
observed_family,group_mean,True,1.0,cash_to_accrual,third_plus_nh_white,6,13900.578634309946
observed_family,group_mean,True,1.0,cash_to_accrual,third_plus_nh_white,7,19610.278389551284
observed_family,group_mean,True,1.0,cash_to_accrual,all_native,0,22.355780291842876
observed_family,group_mean,True,1.0,cash_to_accrual,all_native,1,-2629.6914900827796
observed_family,group_mean,True,1.0,cash_to_accrual,all_native,2,-8267.830093355602
observed_family,group_mean,True,1.0,cash_to_accrual,all_native,3,-11218.117598059782
observed_family,group_mean,True,1.0,cash_to_accrual,all_native,4,-11601.494382648625
observed_family,group_mean,True,1.0,cash_to_accrual,all_native,5,-6877.321023780457
observed_family,group_mean,True,1.0,cash_to_accrual,all_native,6,13457.90638064333
observed_family,group_mean,True,1.0,cash_to_accrual,all_native,7,18985.35077661491
observed_family,group_mean,True,1.0,cash_to_accrual,mexican_observed_total,0,19.916418789271486
observed_family,group_mean,True,1.0,cash_to_accrual,mexican_observed_total,1,-2520.007604349465
observed_family,group_mean,True,1.0,cash_to_accrual,mexican_observed_total,2,-7461.4790204468845
observed_family,group_mean,True,1.0,cash_to_accrual,mexican_observed_total,3,-9121.697351670433
observed_family,group_mean,True,1.0,cash_to_accrual,mexican_observed_total,4,-9573.514896201621
observed_family,group_mean,True,1.0,cash_to_accrual,mexican_observed_total,5,-6122.731952351178
observed_family,group_mean,True,1.0,cash_to_accrual,mexican_observed_total,6,8635.644434831882
observed_family,group_mean,True,1.0,cash_to_accrual,mexican_observed_total,7,12044.555642284922
observed_family,individual,True,0.959549334589366,accrual_only,mexico_born,0,-242.2495269157042
observed_family,individual,True,0.959549334589366,accrual_only,mexico_born,1,-3203.088231400808
observed_family,individual,True,0.959549334589366,accrual_only,mexico_born,2,-6644.47411352245
observed_family,individual,True,0.959549334589366,accrual_only,mexico_born,3,-7306.629348820948
observed_family,individual,True,0.959549334589366,accrual_only,mexico_born,4,-8176.822674503444
observed_family,individual,True,0.959549334589366,accrual_only,mexico_born,5,-6606.438700448792
observed_family,individual,True,0.959549334589366,accrual_only,mexico_born,6,-2875.315018763175
observed_family,individual,True,0.959549334589366,accrual_only,mexico_born,7,-629.5972139688469
observed_family,individual,True,0.959549334589366,accrual_only,mexican_second_gen,0,-40.796237376150735
observed_family,individual,True,0.959549334589366,accrual_only,mexican_second_gen,1,-3402.0090800373055
observed_family,individual,True,0.959549334589366,accrual_only,mexican_second_gen,2,-7174.693556536351
observed_family,individual,True,0.959549334589366,accrual_only,mexican_second_gen,3,-8752.261680550337
observed_family,individual,True,0.959549334589366,accrual_only,mexican_second_gen,4,-8348.947205422966
observed_family,individual,True,0.959549334589366,accrual_only,mexican_second_gen,5,-6974.845094600382
observed_family,individual,True,0.959549334589366,accrual_only,mexican_second_gen,6,-2216.9210334415375
observed_family,individual,True,0.959549334589366,accrual_only,mexican_second_gen,7,-696.748985579643
observed_family,individual,True,0.959549334589366,accrual_only,mexican_third_plus_selfid,0,-61.278029846855524
observed_family,individual,True,0.959549334589366,accrual_only,mexican_third_plus_selfid,1,-3291.9070667655697
observed_family,individual,True,0.959549334589366,accrual_only,mexican_third_plus_selfid,2,-7225.457905013089
observed_family,individual,True,0.959549334589366,accrual_only,mexican_third_plus_selfid,3,-8606.931687136499
observed_family,individual,True,0.959549334589366,accrual_only,mexican_third_plus_selfid,4,-9517.531469013704
observed_family,individual,True,0.959549334589366,accrual_only,mexican_third_plus_selfid,5,-6596.4843353385995
observed_family,individual,True,0.959549334589366,accrual_only,mexican_third_plus_selfid,6,-2702.509098775851
observed_family,individual,True,0.959549334589366,accrual_only,mexican_third_plus_selfid,7,-736.9903265284638
observed_family,individual,True,0.959549334589366,accrual_only,third_plus_nh_white,0,-94.7147900578719
observed_family,individual,True,0.959549334589366,accrual_only,third_plus_nh_white,1,-3712.0542295708788
observed_family,individual,True,0.959549334589366,accrual_only,third_plus_nh_white,2,-8191.9598120579785
observed_family,individual,True,0.959549334589366,accrual_only,third_plus_nh_white,3,-10138.91496037276
observed_family,individual,True,0.959549334589366,accrual_only,third_plus_nh_white,4,-10728.30761693355
observed_family,individual,True,0.959549334589366,accrual_only,third_plus_nh_white,5,-8373.203952215958
observed_family,individual,True,0.959549334589366,accrual_only,third_plus_nh_white,6,-3051.0859414654533
observed_family,individual,True,0.959549334589366,accrual_only,third_plus_nh_white,7,-836.8921712809561
observed_family,individual,True,0.959549334589366,accrual_only,all_native,0,-77.62617354043911
observed_family,individual,True,0.959549334589366,accrual_only,all_native,1,-3378.308624066133
observed_family,individual,True,0.959549334589366,accrual_only,all_native,2,-7690.458807433313
observed_family,individual,True,0.959549334589366,accrual_only,all_native,3,-9694.758486713787
observed_family,individual,True,0.959549334589366,accrual_only,all_native,4,-10203.248987868104
observed_family,individual,True,0.959549334589366,accrual_only,all_native,5,-7993.241050298236
observed_family,individual,True,0.959549334589366,accrual_only,all_native,6,-2968.4899844091133
observed_family,individual,True,0.959549334589366,accrual_only,all_native,7,-807.2415064780433
observed_family,individual,True,0.959549334589366,accrual_only,mexican_observed_total,0,-60.274207995703236
observed_family,individual,True,0.959549334589366,accrual_only,mexican_observed_total,1,-3342.631798354317
observed_family,individual,True,0.959549334589366,accrual_only,mexican_observed_total,2,-7047.445650992755
observed_family,individual,True,0.959549334589366,accrual_only,mexican_observed_total,3,-8055.047025529123
observed_family,individual,True,0.959549334589366,accrual_only,mexican_observed_total,4,-8525.734521478096
observed_family,individual,True,0.959549334589366,accrual_only,mexican_observed_total,5,-6657.152558015164
observed_family,individual,True,0.959549334589366,accrual_only,mexican_observed_total,6,-2723.488789711894
observed_family,individual,True,0.959549334589366,accrual_only,mexican_observed_total,7,-677.6077593390977
observed_family,individual,True,0.959549334589366,cash_to_accrual,mexico_born,0,142.83513503110316
observed_family,individual,True,0.959549334589366,cash_to_accrual,mexico_born,1,-2904.841480377243
observed_family,individual,True,0.959549334589366,cash_to_accrual,mexico_born,2,-6413.3960772533965
observed_family,individual,True,0.959549334589366,cash_to_accrual,mexico_born,3,-7093.708836159924
observed_family,individual,True,0.959549334589366,cash_to_accrual,mexico_born,4,-7845.977301458329
observed_family,individual,True,0.959549334589366,cash_to_accrual,mexico_born,5,-5318.829932154911
observed_family,individual,True,0.959549334589366,cash_to_accrual,mexico_born,6,6474.633976182876
observed_family,individual,True,0.959549334589366,cash_to_accrual,mexico_born,7,9635.044342840874
observed_family,individual,True,0.959549334589366,cash_to_accrual,mexican_second_gen,0,0.9882083975077843
observed_family,individual,True,0.959549334589366,cash_to_accrual,mexican_second_gen,1,-3225.6864838019533
observed_family,individual,True,0.959549334589366,cash_to_accrual,mexican_second_gen,2,-7044.265646197972
observed_family,individual,True,0.959549334589366,cash_to_accrual,mexican_second_gen,3,-8486.470063737454
observed_family,individual,True,0.959549334589366,cash_to_accrual,mexican_second_gen,4,-7777.0166962767635
observed_family,individual,True,0.959549334589366,cash_to_accrual,mexican_second_gen,5,-5061.732146163907
observed_family,individual,True,0.959549334589366,cash_to_accrual,mexican_second_gen,6,13452.32903594985
observed_family,individual,True,0.959549334589366,cash_to_accrual,mexican_second_gen,7,15800.9900431332
observed_family,individual,True,0.959549334589366,cash_to_accrual,mexican_third_plus_selfid,0,9.665278496214997
observed_family,individual,True,0.959549334589366,cash_to_accrual,mexican_third_plus_selfid,1,-3019.467100145704
observed_family,individual,True,0.959549334589366,cash_to_accrual,mexican_third_plus_selfid,2,-7101.302607387441
observed_family,individual,True,0.959549334589366,cash_to_accrual,mexican_third_plus_selfid,3,-8118.952767011905
observed_family,individual,True,0.959549334589366,cash_to_accrual,mexican_third_plus_selfid,4,-8642.127869367658
observed_family,individual,True,0.959549334589366,cash_to_accrual,mexican_third_plus_selfid,5,-4274.1507441733875
observed_family,individual,True,0.959549334589366,cash_to_accrual,mexican_third_plus_selfid,6,11171.20111637018
observed_family,individual,True,0.959549334589366,cash_to_accrual,mexican_third_plus_selfid,7,13496.698342714737
observed_family,individual,True,0.959549334589366,cash_to_accrual,third_plus_nh_white,0,-7.209021804257045
observed_family,individual,True,0.959549334589366,cash_to_accrual,third_plus_nh_white,1,-3517.7860200106156
observed_family,individual,True,0.959549334589366,cash_to_accrual,third_plus_nh_white,2,-7886.287236005271
observed_family,individual,True,0.959549334589366,cash_to_accrual,third_plus_nh_white,3,-9647.189174742
observed_family,individual,True,0.959549334589366,cash_to_accrual,third_plus_nh_white,4,-9851.300318400796
observed_family,individual,True,0.959549334589366,cash_to_accrual,third_plus_nh_white,5,-5806.716908100467
observed_family,individual,True,0.959549334589366,cash_to_accrual,third_plus_nh_white,6,14147.860406689404
observed_family,individual,True,0.959549334589366,cash_to_accrual,third_plus_nh_white,7,19520.14262223198
observed_family,individual,True,0.959549334589366,cash_to_accrual,all_native,0,1.809658696371341
observed_family,individual,True,0.959549334589366,cash_to_accrual,all_native,1,-3175.108130443131
observed_family,individual,True,0.959549334589366,cash_to_accrual,all_native,2,-7416.609894917789
observed_family,individual,True,0.959549334589366,cash_to_accrual,all_native,3,-9214.919261977222
observed_family,individual,True,0.959549334589366,cash_to_accrual,all_native,4,-9305.832776648931
observed_family,individual,True,0.959549334589366,cash_to_accrual,all_native,5,-5349.524761668901
observed_family,individual,True,0.959549334589366,cash_to_accrual,all_native,6,13690.718428005175
observed_family,individual,True,0.959549334589366,cash_to_accrual,all_native,7,18914.57055884093
observed_family,individual,True,0.959549334589366,cash_to_accrual,mexican_observed_total,0,11.78456330261973
observed_family,individual,True,0.959549334589366,cash_to_accrual,mexican_observed_total,1,-3120.4457303053578
observed_family,individual,True,0.959549334589366,cash_to_accrual,mexican_observed_total,2,-6891.8332052161695
observed_family,individual,True,0.959549334589366,cash_to_accrual,mexican_observed_total,3,-7751.556670435452
observed_family,individual,True,0.959549334589366,cash_to_accrual,mexican_observed_total,4,-8022.379189517564
observed_family,individual,True,0.959549334589366,cash_to_accrual,mexican_observed_total,5,-5040.195523259765
observed_family,individual,True,0.959549334589366,cash_to_accrual,mexican_observed_total,6,8964.889905233655
observed_family,individual,True,0.959549334589366,cash_to_accrual,mexican_observed_total,7,12072.78508681208
single_man,individual,True,1.0,accrual_only,mexico_born,0,-242.25588401481394
single_man,individual,True,1.0,accrual_only,mexico_born,1,-3086.6470724166893
single_man,individual,True,1.0,accrual_only,mexico_born,2,-5903.380653154557
single_man,individual,True,1.0,accrual_only,mexico_born,3,-6006.526208485663
single_man,individual,True,1.0,accrual_only,mexico_born,4,-6457.612004899554
single_man,individual,True,1.0,accrual_only,mexico_born,5,-5071.446739930293
single_man,individual,True,1.0,accrual_only,mexico_born,6,-1971.6004148082736
single_man,individual,True,1.0,accrual_only,mexico_born,7,-433.9381994394794
single_man,individual,True,1.0,accrual_only,mexican_second_gen,0,-38.83068578021519
single_man,individual,True,1.0,accrual_only,mexican_second_gen,1,-3247.8516135407503
single_man,individual,True,1.0,accrual_only,mexican_second_gen,2,-6551.573611245714
single_man,individual,True,1.0,accrual_only,mexican_second_gen,3,-7709.79317524544
single_man,individual,True,1.0,accrual_only,mexican_second_gen,4,-7318.711175687914
single_man,individual,True,1.0,accrual_only,mexican_second_gen,5,-5710.428020367001
single_man,individual,True,1.0,accrual_only,mexican_second_gen,6,-1738.317793721237
single_man,individual,True,1.0,accrual_only,mexican_second_gen,7,-481.49449570826005
single_man,individual,True,1.0,accrual_only,mexican_third_plus_selfid,0,-58.724301054602954
single_man,individual,True,1.0,accrual_only,mexican_third_plus_selfid,1,-3130.7873530018387
single_man,individual,True,1.0,accrual_only,mexican_third_plus_selfid,2,-6542.191450550889
single_man,individual,True,1.0,accrual_only,mexican_third_plus_selfid,3,-7739.536926475918
single_man,individual,True,1.0,accrual_only,mexican_third_plus_selfid,4,-8333.629699406738
single_man,individual,True,1.0,accrual_only,mexican_third_plus_selfid,5,-5530.799019950353
single_man,individual,True,1.0,accrual_only,mexican_third_plus_selfid,6,-2042.4063960334288
single_man,individual,True,1.0,accrual_only,mexican_third_plus_selfid,7,-561.3813774164557
single_man,individual,True,1.0,accrual_only,third_plus_nh_white,0,-89.1743544250451
single_man,individual,True,1.0,accrual_only,third_plus_nh_white,1,-3539.551226923167
single_man,individual,True,1.0,accrual_only,third_plus_nh_white,2,-7541.564116169153
single_man,individual,True,1.0,accrual_only,third_plus_nh_white,3,-8948.918852551855
single_man,individual,True,1.0,accrual_only,third_plus_nh_white,4,-9266.095998480896
single_man,individual,True,1.0,accrual_only,third_plus_nh_white,5,-6849.320511215797
single_man,individual,True,1.0,accrual_only,third_plus_nh_white,6,-2185.591857303929
single_man,individual,True,1.0,accrual_only,third_plus_nh_white,7,-534.3075456685995
single_man,individual,True,1.0,accrual_only,all_native,0,-73.3145500829351
single_man,individual,True,1.0,accrual_only,all_native,1,-3219.3972334667938
single_man,individual,True,1.0,accrual_only,all_native,2,-7118.165457189912
single_man,individual,True,1.0,accrual_only,all_native,3,-8603.890158204738
single_man,individual,True,1.0,accrual_only,all_native,4,-8876.735723065014
single_man,individual,True,1.0,accrual_only,all_native,5,-6575.684612723097
single_man,individual,True,1.0,accrual_only,all_native,6,-2154.9706557177337
single_man,individual,True,1.0,accrual_only,all_native,7,-527.2314489168289
single_man,individual,True,1.0,accrual_only,mexican_observed_total,0,-58.09864518234914
single_man,individual,True,1.0,accrual_only,mexican_observed_total,1,-3190.525877811177
single_man,individual,True,1.0,accrual_only,mexican_observed_total,2,-6374.150481100886
single_man,individual,True,1.0,accrual_only,mexican_observed_total,3,-6944.152378338044
single_man,individual,True,1.0,accrual_only,mexican_observed_total,4,-7057.409777304152
single_man,individual,True,1.0,accrual_only,mexican_observed_total,5,-5269.649742746038
single_man,individual,True,1.0,accrual_only,mexican_observed_total,6,-1958.4131167808246
single_man,individual,True,1.0,accrual_only,mexican_observed_total,7,-484.81879252417986
single_man,individual,True,1.0,cash_to_accrual,mexico_born,0,142.8287779319934
single_man,individual,True,1.0,cash_to_accrual,mexico_born,1,-2788.400321393124
single_man,individual,True,1.0,cash_to_accrual,mexico_born,2,-5672.3026168855
single_man,individual,True,1.0,cash_to_accrual,mexico_born,3,-5793.605695824638
single_man,individual,True,1.0,cash_to_accrual,mexico_born,4,-6126.766631854442
single_man,individual,True,1.0,cash_to_accrual,mexico_born,5,-3783.8379716364093
single_man,individual,True,1.0,cash_to_accrual,mexico_born,6,7378.348580137783
single_man,individual,True,1.0,cash_to_accrual,mexico_born,7,9830.703357370243
single_man,individual,True,1.0,cash_to_accrual,mexican_second_gen,0,2.953759993443321
single_man,individual,True,1.0,cash_to_accrual,mexican_second_gen,1,-3071.529017305394
single_man,individual,True,1.0,cash_to_accrual,mexican_second_gen,2,-6421.145700907338
single_man,individual,True,1.0,cash_to_accrual,mexican_second_gen,3,-7444.001558432557
single_man,individual,True,1.0,cash_to_accrual,mexican_second_gen,4,-6746.780666541714
single_man,individual,True,1.0,cash_to_accrual,mexican_second_gen,5,-3797.3150719305254
single_man,individual,True,1.0,cash_to_accrual,mexican_second_gen,6,13930.932275670144
single_man,individual,True,1.0,cash_to_accrual,mexican_second_gen,7,16016.24453300458
single_man,individual,True,1.0,cash_to_accrual,mexican_third_plus_selfid,0,12.21900728846757
single_man,individual,True,1.0,cash_to_accrual,mexican_third_plus_selfid,1,-2858.3473863819727
single_man,individual,True,1.0,cash_to_accrual,mexican_third_plus_selfid,2,-6418.036152925237
single_man,individual,True,1.0,cash_to_accrual,mexican_third_plus_selfid,3,-7251.558006351323
single_man,individual,True,1.0,cash_to_accrual,mexican_third_plus_selfid,4,-7458.226099760687
single_man,individual,True,1.0,cash_to_accrual,mexican_third_plus_selfid,5,-3208.465428785138
single_man,individual,True,1.0,cash_to_accrual,mexican_third_plus_selfid,6,11831.303819112605
single_man,individual,True,1.0,cash_to_accrual,mexican_third_plus_selfid,7,13672.307291826744
single_man,individual,True,1.0,cash_to_accrual,third_plus_nh_white,0,-1.668586171430262
single_man,individual,True,1.0,cash_to_accrual,third_plus_nh_white,1,-3345.283017362903
single_man,individual,True,1.0,cash_to_accrual,third_plus_nh_white,2,-7235.891540116443
single_man,individual,True,1.0,cash_to_accrual,third_plus_nh_white,3,-8457.19306692109
single_man,individual,True,1.0,cash_to_accrual,third_plus_nh_white,4,-8389.088699948134
single_man,individual,True,1.0,cash_to_accrual,third_plus_nh_white,5,-4282.833467100314
single_man,individual,True,1.0,cash_to_accrual,third_plus_nh_white,6,15013.354490850887
single_man,individual,True,1.0,cash_to_accrual,third_plus_nh_white,7,19822.727247844337
single_man,individual,True,1.0,cash_to_accrual,all_native,0,6.121282153875307
single_man,individual,True,1.0,cash_to_accrual,all_native,1,-3016.1967398437955
single_man,individual,True,1.0,cash_to_accrual,all_native,2,-6844.3165446743815
single_man,individual,True,1.0,cash_to_accrual,all_native,3,-8124.050933468156
single_man,individual,True,1.0,cash_to_accrual,all_native,4,-7979.319511845819
single_man,individual,True,1.0,cash_to_accrual,all_native,5,-3931.968324093741
single_man,individual,True,1.0,cash_to_accrual,all_native,6,14504.237756696515
single_man,individual,True,1.0,cash_to_accrual,all_native,7,19194.580616402116
single_man,individual,True,1.0,cash_to_accrual,mexican_observed_total,0,13.960126115973795
single_man,individual,True,1.0,cash_to_accrual,mexican_observed_total,1,-2968.3398097622203
single_man,individual,True,1.0,cash_to_accrual,mexican_observed_total,2,-6218.538035324305
single_man,individual,True,1.0,cash_to_accrual,mexican_observed_total,3,-6640.66202324438
single_man,individual,True,1.0,cash_to_accrual,mexican_observed_total,4,-6554.054445343613
single_man,individual,True,1.0,cash_to_accrual,mexican_observed_total,5,-3652.6927079906245
single_man,individual,True,1.0,cash_to_accrual,mexican_observed_total,6,9729.965578164723
single_man,individual,True,1.0,cash_to_accrual,mexican_observed_total,7,12265.574053627004
single_woman,individual,True,1.0,accrual_only,mexico_born,0,-284.5779847324826
single_woman,individual,True,1.0,accrual_only,mexico_born,1,-3626.69019597255
single_woman,individual,True,1.0,accrual_only,mexico_born,2,-6843.062455790461
single_woman,individual,True,1.0,accrual_only,mexico_born,3,-7094.2878889848835
single_woman,individual,True,1.0,accrual_only,mexico_born,4,-7791.516029759478
single_woman,individual,True,1.0,accrual_only,mexico_born,5,-6216.455712811677
single_woman,individual,True,1.0,accrual_only,mexico_born,6,-2462.8989789018788
single_woman,individual,True,1.0,accrual_only,mexico_born,7,-528.1330705198286
single_woman,individual,True,1.0,accrual_only,mexican_second_gen,0,-47.4259306051688
single_woman,individual,True,1.0,accrual_only,mexican_second_gen,1,-3819.3630205785294
single_woman,individual,True,1.0,accrual_only,mexican_second_gen,2,-7525.815605312521
single_woman,individual,True,1.0,accrual_only,mexican_second_gen,3,-8935.376672687982
single_woman,individual,True,1.0,accrual_only,mexican_second_gen,4,-8605.688881074617
single_woman,individual,True,1.0,accrual_only,mexican_second_gen,5,-6755.1638596093835
single_woman,individual,True,1.0,accrual_only,mexican_second_gen,6,-2107.625246439236
single_woman,individual,True,1.0,accrual_only,mexican_second_gen,7,-590.3878922727772
single_woman,individual,True,1.0,accrual_only,mexican_third_plus_selfid,0,-68.82653971847785
single_woman,individual,True,1.0,accrual_only,mexican_third_plus_selfid,1,-3683.4644316915
single_woman,individual,True,1.0,accrual_only,mexican_third_plus_selfid,2,-7507.3213184634415
single_woman,individual,True,1.0,accrual_only,mexican_third_plus_selfid,3,-8920.46013922617
single_woman,individual,True,1.0,accrual_only,mexican_third_plus_selfid,4,-9791.065638335629
single_woman,individual,True,1.0,accrual_only,mexican_third_plus_selfid,5,-6609.791125242821
single_woman,individual,True,1.0,accrual_only,mexican_third_plus_selfid,6,-2485.5836895084976
single_woman,individual,True,1.0,accrual_only,mexican_third_plus_selfid,7,-672.1307843358389
single_woman,individual,True,1.0,accrual_only,third_plus_nh_white,0,-108.83110224907205
single_woman,individual,True,1.0,accrual_only,third_plus_nh_white,1,-4129.027892985771
single_woman,individual,True,1.0,accrual_only,third_plus_nh_white,2,-8594.150594558792
single_woman,individual,True,1.0,accrual_only,third_plus_nh_white,3,-10267.255551687242
single_woman,individual,True,1.0,accrual_only,third_plus_nh_white,4,-10809.455323270633
single_woman,individual,True,1.0,accrual_only,third_plus_nh_white,5,-8100.638577108293
single_woman,individual,True,1.0,accrual_only,third_plus_nh_white,6,-2663.5048436369125
single_woman,individual,True,1.0,accrual_only,third_plus_nh_white,7,-649.2119281726362
single_woman,individual,True,1.0,accrual_only,all_native,0,-88.56631180109292
single_woman,individual,True,1.0,accrual_only,all_native,1,-3766.3188464692216
single_woman,individual,True,1.0,accrual_only,all_native,2,-8124.3744173649475
single_woman,individual,True,1.0,accrual_only,all_native,3,-9884.688084365198
single_woman,individual,True,1.0,accrual_only,all_native,4,-10364.047598361896
single_woman,individual,True,1.0,accrual_only,all_native,5,-7787.749422045619
single_woman,individual,True,1.0,accrual_only,all_native,6,-2626.3729510157455
single_woman,individual,True,1.0,accrual_only,all_native,7,-639.2157104360712
single_woman,individual,True,1.0,accrual_only,mexican_observed_total,0,-68.97838865797605
single_woman,individual,True,1.0,accrual_only,mexican_observed_total,1,-3752.1755491405515
single_woman,individual,True,1.0,accrual_only,mexican_observed_total,2,-7336.2972501716295
single_woman,individual,True,1.0,accrual_only,mexican_observed_total,3,-8094.708401216094
single_woman,individual,True,1.0,accrual_only,mexican_observed_total,4,-8412.167949354445
single_woman,individual,True,1.0,accrual_only,mexican_observed_total,5,-6384.9588716215985
single_woman,individual,True,1.0,accrual_only,mexican_observed_total,6,-2416.627941918963
single_woman,individual,True,1.0,accrual_only,mexican_observed_total,7,-587.2388052228465
single_woman,individual,True,1.0,cash_to_accrual,mexico_born,0,100.50667721432472
single_woman,individual,True,1.0,cash_to_accrual,mexico_born,1,-3328.4434449489836
single_woman,individual,True,1.0,cash_to_accrual,mexico_born,2,-6611.984419521403
single_woman,individual,True,1.0,cash_to_accrual,mexico_born,3,-6881.367376323859
single_woman,individual,True,1.0,cash_to_accrual,mexico_born,4,-7460.670656714365
single_woman,individual,True,1.0,cash_to_accrual,mexico_born,5,-4928.846944517797
single_woman,individual,True,1.0,cash_to_accrual,mexico_born,6,6887.050016044172
single_woman,individual,True,1.0,cash_to_accrual,mexico_born,7,9736.508486289893
single_woman,individual,True,1.0,cash_to_accrual,mexican_second_gen,0,-5.641484831510298
single_woman,individual,True,1.0,cash_to_accrual,mexican_second_gen,1,-3643.0404243431753
single_woman,individual,True,1.0,cash_to_accrual,mexican_second_gen,2,-7395.387694974147
single_woman,individual,True,1.0,cash_to_accrual,mexican_second_gen,3,-8669.585055875104
single_woman,individual,True,1.0,cash_to_accrual,mexican_second_gen,4,-8033.758371928412
single_woman,individual,True,1.0,cash_to_accrual,mexican_second_gen,5,-4842.050911172904
single_woman,individual,True,1.0,cash_to_accrual,mexican_second_gen,6,13561.62482295215
single_woman,individual,True,1.0,cash_to_accrual,mexican_second_gen,7,15907.351136440062
single_woman,individual,True,1.0,cash_to_accrual,mexican_third_plus_selfid,0,2.116768624592694
single_woman,individual,True,1.0,cash_to_accrual,mexican_third_plus_selfid,1,-3411.0244650716354
single_woman,individual,True,1.0,cash_to_accrual,mexican_third_plus_selfid,2,-7383.16602083779
single_woman,individual,True,1.0,cash_to_accrual,mexican_third_plus_selfid,3,-8432.481219101575
single_woman,individual,True,1.0,cash_to_accrual,mexican_third_plus_selfid,4,-8915.662038689581
single_woman,individual,True,1.0,cash_to_accrual,mexican_third_plus_selfid,5,-4287.457534077612
single_woman,individual,True,1.0,cash_to_accrual,mexican_third_plus_selfid,6,11388.126525637537
single_woman,individual,True,1.0,cash_to_accrual,mexican_third_plus_selfid,7,13561.557884907359
single_woman,individual,True,1.0,cash_to_accrual,third_plus_nh_white,0,-21.325333995457324
single_woman,individual,True,1.0,cash_to_accrual,third_plus_nh_white,1,-3934.7596834255028
single_woman,individual,True,1.0,cash_to_accrual,third_plus_nh_white,2,-8288.47801850609
single_woman,individual,True,1.0,cash_to_accrual,third_plus_nh_white,3,-9775.529766056505
single_woman,individual,True,1.0,cash_to_accrual,third_plus_nh_white,4,-9932.448024737861
single_woman,individual,True,1.0,cash_to_accrual,third_plus_nh_white,5,-5534.151532992781
single_woman,individual,True,1.0,cash_to_accrual,third_plus_nh_white,6,14535.441504518003
single_woman,individual,True,1.0,cash_to_accrual,third_plus_nh_white,7,19707.822865340284
single_woman,individual,True,1.0,cash_to_accrual,all_native,0,-9.130479564282465
single_woman,individual,True,1.0,cash_to_accrual,all_native,1,-3563.1183528462198
single_woman,individual,True,1.0,cash_to_accrual,all_native,2,-7850.525504849433
single_woman,individual,True,1.0,cash_to_accrual,all_native,3,-9404.848859628653
single_woman,individual,True,1.0,cash_to_accrual,all_native,4,-9466.631387142717
single_woman,individual,True,1.0,cash_to_accrual,all_native,5,-5144.033133416257
single_woman,individual,True,1.0,cash_to_accrual,all_native,6,14032.835461398612
single_woman,individual,True,1.0,cash_to_accrual,all_native,7,19082.596354882844
single_woman,individual,True,1.0,cash_to_accrual,mexican_observed_total,0,3.080382640346919
single_woman,individual,True,1.0,cash_to_accrual,mexican_observed_total,1,-3529.9894810915903
single_woman,individual,True,1.0,cash_to_accrual,mexican_observed_total,2,-7180.684804395048
single_woman,individual,True,1.0,cash_to_accrual,mexican_observed_total,3,-7791.218046122423
single_woman,individual,True,1.0,cash_to_accrual,mexican_observed_total,4,-7908.812617393904
single_woman,individual,True,1.0,cash_to_accrual,mexican_observed_total,5,-4768.001836866177
single_woman,individual,True,1.0,cash_to_accrual,mexican_observed_total,6,9271.750753026596
single_woman,individual,True,1.0,cash_to_accrual,mexican_observed_total,7,12163.154040928339
one_earner_couple,individual,True,1.0,accrual_only,mexico_born,0,-459.71078684246567
one_earner_couple,individual,True,1.0,accrual_only,mexico_born,1,-5878.9802019577
one_earner_couple,individual,True,1.0,accrual_only,mexico_born,2,-11109.82550679088
one_earner_couple,individual,True,1.0,accrual_only,mexico_born,3,-11486.273914388663
one_earner_couple,individual,True,1.0,accrual_only,mexico_born,4,-12483.193576421208
one_earner_couple,individual,True,1.0,accrual_only,mexico_born,5,-10019.931393370667
one_earner_couple,individual,True,1.0,accrual_only,mexico_born,6,-4070.7911164112516
one_earner_couple,individual,True,1.0,accrual_only,mexico_born,7,-930.768158188357
one_earner_couple,individual,True,1.0,accrual_only,mexican_second_gen,0,-76.77129842129321
one_earner_couple,individual,True,1.0,accrual_only,mexican_second_gen,1,-6185.635234245419
one_earner_couple,individual,True,1.0,accrual_only,mexican_second_gen,2,-12206.605983838235
one_earner_couple,individual,True,1.0,accrual_only,mexican_second_gen,3,-14394.276035370503
one_earner_couple,individual,True,1.0,accrual_only,mexican_second_gen,4,-13742.478563215629
one_earner_couple,individual,True,1.0,accrual_only,mexican_second_gen,5,-10837.875531791798
one_earner_couple,individual,True,1.0,accrual_only,mexican_second_gen,6,-3456.74857622334
one_earner_couple,individual,True,1.0,accrual_only,mexican_second_gen,7,-1065.1733719758467
one_earner_couple,individual,True,1.0,accrual_only,mexican_third_plus_selfid,0,-110.69816057875168
one_earner_couple,individual,True,1.0,accrual_only,mexican_third_plus_selfid,1,-5965.940149018062
one_earner_couple,individual,True,1.0,accrual_only,mexican_third_plus_selfid,2,-12159.245842742583
one_earner_couple,individual,True,1.0,accrual_only,mexican_third_plus_selfid,3,-14339.023838515894
one_earner_couple,individual,True,1.0,accrual_only,mexican_third_plus_selfid,4,-15633.58681442087
one_earner_couple,individual,True,1.0,accrual_only,mexican_third_plus_selfid,5,-10618.710000871492
one_earner_couple,individual,True,1.0,accrual_only,mexican_third_plus_selfid,6,-4077.5555687340375
one_earner_couple,individual,True,1.0,accrual_only,mexican_third_plus_selfid,7,-1169.3580520002758
one_earner_couple,individual,True,1.0,accrual_only,third_plus_nh_white,0,-176.00969347920122
one_earner_couple,individual,True,1.0,accrual_only,third_plus_nh_white,1,-6680.852096347893
one_earner_couple,individual,True,1.0,accrual_only,third_plus_nh_white,2,-13869.46419322575
one_earner_couple,individual,True,1.0,accrual_only,third_plus_nh_white,3,-16468.16395652823
one_earner_couple,individual,True,1.0,accrual_only,third_plus_nh_white,4,-17218.68722477303
one_earner_couple,individual,True,1.0,accrual_only,third_plus_nh_white,5,-12989.699445272665
one_earner_couple,individual,True,1.0,accrual_only,third_plus_nh_white,6,-4376.862758593648
one_earner_couple,individual,True,1.0,accrual_only,third_plus_nh_white,7,-1143.6423672329934
one_earner_couple,individual,True,1.0,accrual_only,all_native,0,-143.04616923314092
one_earner_couple,individual,True,1.0,accrual_only,all_native,1,-6095.3069696272805
one_earner_couple,individual,True,1.0,accrual_only,all_native,2,-13123.356293807581
one_earner_couple,individual,True,1.0,accrual_only,all_native,3,-15865.414302093921
one_earner_couple,individual,True,1.0,accrual_only,all_native,4,-16515.959917244138
one_earner_couple,individual,True,1.0,accrual_only,all_native,5,-12490.022186687578
one_earner_couple,individual,True,1.0,accrual_only,all_native,6,-4313.611277057593
one_earner_couple,individual,True,1.0,accrual_only,all_native,7,-1122.2264129242476
one_earner_couple,individual,True,1.0,accrual_only,mexican_observed_total,0,-111.25310184688877
one_earner_couple,individual,True,1.0,accrual_only,mexican_observed_total,1,-6077.575918363451
one_earner_couple,individual,True,1.0,accrual_only,mexican_observed_total,2,-11896.760573133886
one_earner_couple,individual,True,1.0,accrual_only,mexican_observed_total,3,-13057.63581698776
one_earner_couple,individual,True,1.0,accrual_only,mexican_observed_total,4,-13456.837732656784
one_earner_couple,individual,True,1.0,accrual_only,mexican_observed_total,5,-10276.13799695933
one_earner_couple,individual,True,1.0,accrual_only,mexican_observed_total,6,-3980.839900973535
one_earner_couple,individual,True,1.0,accrual_only,mexican_observed_total,7,-1034.6275170902898
one_earner_couple,individual,True,1.0,cash_to_accrual,mexico_born,0,-74.62612489565836
one_earner_couple,individual,True,1.0,cash_to_accrual,mexico_born,1,-5580.733450934135
one_earner_couple,individual,True,1.0,cash_to_accrual,mexico_born,2,-10878.747470521823
one_earner_couple,individual,True,1.0,cash_to_accrual,mexico_born,3,-11273.353401727643
one_earner_couple,individual,True,1.0,cash_to_accrual,mexico_born,4,-12152.348203376103
one_earner_couple,individual,True,1.0,cash_to_accrual,mexico_born,5,-8732.322625076788
one_earner_couple,individual,True,1.0,cash_to_accrual,mexico_born,6,5279.157878534797
one_earner_couple,individual,True,1.0,cash_to_accrual,mexico_born,7,9333.873398621365
one_earner_couple,individual,True,1.0,cash_to_accrual,mexican_second_gen,0,-34.98685264763467
one_earner_couple,individual,True,1.0,cash_to_accrual,mexican_second_gen,1,-6009.31263801007
one_earner_couple,individual,True,1.0,cash_to_accrual,mexican_second_gen,2,-12076.178073499856
one_earner_couple,individual,True,1.0,cash_to_accrual,mexican_second_gen,3,-14128.484418557622
one_earner_couple,individual,True,1.0,cash_to_accrual,mexican_second_gen,4,-13170.548054069428
one_earner_couple,individual,True,1.0,cash_to_accrual,mexican_second_gen,5,-8924.762583355327
one_earner_couple,individual,True,1.0,cash_to_accrual,mexican_second_gen,6,12212.50149316804
one_earner_couple,individual,True,1.0,cash_to_accrual,mexican_second_gen,7,15432.565656736997
one_earner_couple,individual,True,1.0,cash_to_accrual,mexican_third_plus_selfid,0,-39.75485223568116
one_earner_couple,individual,True,1.0,cash_to_accrual,mexican_third_plus_selfid,1,-5693.500182398195
one_earner_couple,individual,True,1.0,cash_to_accrual,mexican_third_plus_selfid,2,-12035.090545116931
one_earner_couple,individual,True,1.0,cash_to_accrual,mexican_third_plus_selfid,3,-13851.044918391293
one_earner_couple,individual,True,1.0,cash_to_accrual,mexican_third_plus_selfid,4,-14758.183214774823
one_earner_couple,individual,True,1.0,cash_to_accrual,mexican_third_plus_selfid,5,-8296.376409706289
one_earner_couple,individual,True,1.0,cash_to_accrual,mexican_third_plus_selfid,6,9796.154646411993
one_earner_couple,individual,True,1.0,cash_to_accrual,mexican_third_plus_selfid,7,13064.330617242922
one_earner_couple,individual,True,1.0,cash_to_accrual,third_plus_nh_white,0,-88.50392522558634
one_earner_couple,individual,True,1.0,cash_to_accrual,third_plus_nh_white,1,-6486.5838867876255
one_earner_couple,individual,True,1.0,cash_to_accrual,third_plus_nh_white,2,-13563.791617173072
one_earner_couple,individual,True,1.0,cash_to_accrual,third_plus_nh_white,3,-15976.438170897458
one_earner_couple,individual,True,1.0,cash_to_accrual,third_plus_nh_white,4,-16341.679926240318
one_earner_couple,individual,True,1.0,cash_to_accrual,third_plus_nh_white,5,-10423.212401157116
one_earner_couple,individual,True,1.0,cash_to_accrual,third_plus_nh_white,6,12822.083589561245
one_earner_couple,individual,True,1.0,cash_to_accrual,third_plus_nh_white,7,19213.392426279923
one_earner_couple,individual,True,1.0,cash_to_accrual,all_native,0,-63.61033699633056
one_earner_couple,individual,True,1.0,cash_to_accrual,all_native,1,-5892.106476004277
one_earner_couple,individual,True,1.0,cash_to_accrual,all_native,2,-12849.507381292067
one_earner_couple,individual,True,1.0,cash_to_accrual,all_native,3,-15385.575077357329
one_earner_couple,individual,True,1.0,cash_to_accrual,all_native,4,-15618.543706024937
one_earner_couple,individual,True,1.0,cash_to_accrual,all_native,5,-9846.305898058275
one_earner_couple,individual,True,1.0,cash_to_accrual,all_native,6,12345.597135356744
one_earner_couple,individual,True,1.0,cash_to_accrual,all_native,7,18599.585652394726
one_earner_couple,individual,True,1.0,cash_to_accrual,mexican_observed_total,0,-39.19433054856575
one_earner_couple,individual,True,1.0,cash_to_accrual,mexican_observed_total,1,-5855.389850314493
one_earner_couple,individual,True,1.0,cash_to_accrual,mexican_observed_total,2,-11741.148127357299
one_earner_couple,individual,True,1.0,cash_to_accrual,mexican_observed_total,3,-12754.145461894084
one_earner_couple,individual,True,1.0,cash_to_accrual,mexican_observed_total,4,-12953.48240069624
one_earner_couple,individual,True,1.0,cash_to_accrual,mexican_observed_total,5,-8659.180962203925
one_earner_couple,individual,True,1.0,cash_to_accrual,mexican_observed_total,6,7707.538793972023
one_earner_couple,individual,True,1.0,cash_to_accrual,mexican_observed_total,7,11715.76532906089
two_earner_couple,individual,True,1.0,accrual_only,mexico_born,0,-278.0945218118761
two_earner_couple,individual,True,1.0,accrual_only,mexico_born,1,-3547.8431538032737
two_earner_couple,individual,True,1.0,accrual_only,mexico_born,2,-6682.761414914672
two_earner_couple,individual,True,1.0,accrual_only,mexico_born,3,-6848.021509945096
two_earner_couple,individual,True,1.0,accrual_only,mexico_born,4,-7413.527089354493
two_earner_couple,individual,True,1.0,accrual_only,mexico_born,5,-5905.907526507929
two_earner_couple,individual,True,1.0,accrual_only,mexico_born,6,-2353.037540552817
two_earner_couple,individual,True,1.0,accrual_only,mexico_born,7,-532.3791369312519
two_earner_couple,individual,True,1.0,accrual_only,mexican_second_gen,0,-46.080518772449516
two_earner_couple,individual,True,1.0,accrual_only,mexican_second_gen,1,-3734.011111502927
two_earner_couple,individual,True,1.0,accrual_only,mexican_second_gen,2,-7362.333577449795
two_earner_couple,individual,True,1.0,accrual_only,mexican_second_gen,3,-8644.203889576735
two_earner_couple,individual,True,1.0,accrual_only,mexican_second_gen,4,-8235.087677688036
two_earner_couple,individual,True,1.0,accrual_only,mexican_second_gen,5,-6453.847192438513
two_earner_couple,individual,True,1.0,accrual_only,mexican_second_gen,6,-2017.7244759999226
two_earner_couple,individual,True,1.0,accrual_only,mexican_second_gen,7,-605.0170340867659
two_earner_couple,individual,True,1.0,accrual_only,mexican_third_plus_selfid,0,-67.0734121492636
two_earner_couple,individual,True,1.0,accrual_only,mexican_third_plus_selfid,1,-3601.021520284274
two_earner_couple,individual,True,1.0,accrual_only,mexican_third_plus_selfid,2,-7338.0781488053635
two_earner_couple,individual,True,1.0,accrual_only,mexican_third_plus_selfid,3,-8628.262447735182
two_earner_couple,individual,True,1.0,accrual_only,mexican_third_plus_selfid,4,-9371.448724899994
two_earner_couple,individual,True,1.0,accrual_only,mexican_third_plus_selfid,5,-6305.534691504922
two_earner_couple,individual,True,1.0,accrual_only,mexican_third_plus_selfid,6,-2379.3567694719577
two_earner_couple,individual,True,1.0,accrual_only,mexican_third_plus_selfid,7,-674.273205447531
two_earner_couple,individual,True,1.0,accrual_only,third_plus_nh_white,0,-105.68353717437594
two_earner_couple,individual,True,1.0,accrual_only,third_plus_nh_white,1,-4039.7809816492113
two_earner_couple,individual,True,1.0,accrual_only,third_plus_nh_white,2,-8389.795974684264
two_earner_couple,individual,True,1.0,accrual_only,third_plus_nh_white,3,-9926.448530559113
two_earner_couple,individual,True,1.0,accrual_only,third_plus_nh_white,4,-10349.59392045937
two_earner_couple,individual,True,1.0,accrual_only,third_plus_nh_white,5,-7734.504511735545
two_earner_couple,individual,True,1.0,accrual_only,third_plus_nh_white,6,-2549.156337745361
two_earner_couple,individual,True,1.0,accrual_only,third_plus_nh_white,7,-654.8609701319942
two_earner_couple,individual,True,1.0,accrual_only,all_native,0,-86.07850316500665
two_earner_couple,individual,True,1.0,accrual_only,all_native,1,-3683.461682745575
two_earner_couple,individual,True,1.0,accrual_only,all_native,2,-7934.022625243442
two_earner_couple,individual,True,1.0,accrual_only,all_native,3,-9557.850631817753
two_earner_couple,individual,True,1.0,accrual_only,all_native,4,-9923.281220446044
two_earner_couple,individual,True,1.0,accrual_only,all_native,5,-7434.582615736974
two_earner_couple,individual,True,1.0,accrual_only,all_native,6,-2512.9565665684486
two_earner_couple,individual,True,1.0,accrual_only,all_native,7,-643.4650348393266
two_earner_couple,individual,True,1.0,accrual_only,mexican_observed_total,0,-67.19444974451956
two_earner_couple,individual,True,1.0,accrual_only,mexican_observed_total,1,-3668.536654616753
two_earner_couple,individual,True,1.0,accrual_only,mexican_observed_total,2,-7171.908798298588
two_earner_couple,individual,True,1.0,accrual_only,mexican_observed_total,3,-7823.654765325794
two_earner_couple,individual,True,1.0,accrual_only,mexican_observed_total,4,-8025.6358978919525
two_earner_couple,individual,True,1.0,accrual_only,mexican_observed_total,5,-6077.194460883314
two_earner_couple,individual,True,1.0,accrual_only,mexican_observed_total,6,-2310.8759874333537
two_earner_couple,individual,True,1.0,accrual_only,mexican_observed_total,7,-592.7628512155312
two_earner_couple,individual,True,1.0,cash_to_accrual,mexico_born,0,106.99014013493124
two_earner_couple,individual,True,1.0,cash_to_accrual,mexico_born,1,-3249.5964027797077
two_earner_couple,individual,True,1.0,cash_to_accrual,mexico_born,2,-6451.683378645615
two_earner_couple,individual,True,1.0,cash_to_accrual,mexico_born,3,-6635.10099728407
two_earner_couple,individual,True,1.0,cash_to_accrual,mexico_born,4,-7082.68171630938
two_earner_couple,individual,True,1.0,cash_to_accrual,mexico_born,5,-4618.298758214048
two_earner_couple,individual,True,1.0,cash_to_accrual,mexico_born,6,6996.911454393231
two_earner_couple,individual,True,1.0,cash_to_accrual,mexico_born,7,9732.26241987847
two_earner_couple,individual,True,1.0,cash_to_accrual,mexican_second_gen,0,-4.296072998790996
two_earner_couple,individual,True,1.0,cash_to_accrual,mexican_second_gen,1,-3557.6885152675736
two_earner_couple,individual,True,1.0,cash_to_accrual,mexican_second_gen,2,-7231.9056671114195
two_earner_couple,individual,True,1.0,cash_to_accrual,mexican_second_gen,3,-8378.412272763851
two_earner_couple,individual,True,1.0,cash_to_accrual,mexican_second_gen,4,-7663.157168541834
two_earner_couple,individual,True,1.0,cash_to_accrual,mexican_second_gen,5,-4540.734244002036
two_earner_couple,individual,True,1.0,cash_to_accrual,mexican_second_gen,6,13651.52559339146
two_earner_couple,individual,True,1.0,cash_to_accrual,mexican_second_gen,7,15892.721994626076
two_earner_couple,individual,True,1.0,cash_to_accrual,mexican_third_plus_selfid,0,3.869896193806938
two_earner_couple,individual,True,1.0,cash_to_accrual,mexican_third_plus_selfid,1,-3328.5815536644086
two_earner_couple,individual,True,1.0,cash_to_accrual,mexican_third_plus_selfid,2,-7213.92285117971
two_earner_couple,individual,True,1.0,cash_to_accrual,mexican_third_plus_selfid,3,-8140.283527610588
two_earner_couple,individual,True,1.0,cash_to_accrual,mexican_third_plus_selfid,4,-8496.045125253939
two_earner_couple,individual,True,1.0,cash_to_accrual,mexican_third_plus_selfid,5,-3983.2011003397056
two_earner_couple,individual,True,1.0,cash_to_accrual,mexican_third_plus_selfid,6,11494.353445674074
two_earner_couple,individual,True,1.0,cash_to_accrual,mexican_third_plus_selfid,7,13559.41546379567
two_earner_couple,individual,True,1.0,cash_to_accrual,third_plus_nh_white,0,-18.17776892076105
two_earner_couple,individual,True,1.0,cash_to_accrual,third_plus_nh_white,1,-3845.5127720889473
two_earner_couple,individual,True,1.0,cash_to_accrual,third_plus_nh_white,2,-8084.123398631565
two_earner_couple,individual,True,1.0,cash_to_accrual,third_plus_nh_white,3,-9434.722744928375
two_earner_couple,individual,True,1.0,cash_to_accrual,third_plus_nh_white,4,-9472.586621926617
two_earner_couple,individual,True,1.0,cash_to_accrual,third_plus_nh_white,5,-5168.017467620062
two_earner_couple,individual,True,1.0,cash_to_accrual,third_plus_nh_white,6,14649.79001040952
two_earner_couple,individual,True,1.0,cash_to_accrual,third_plus_nh_white,7,19702.173823380937
two_earner_couple,individual,True,1.0,cash_to_accrual,all_native,0,-6.6426709281962335
two_earner_couple,individual,True,1.0,cash_to_accrual,all_native,1,-3480.261189122573
two_earner_couple,individual,True,1.0,cash_to_accrual,all_native,2,-7660.173712727919
two_earner_couple,individual,True,1.0,cash_to_accrual,all_native,3,-9078.011407081178
two_earner_couple,individual,True,1.0,cash_to_accrual,all_native,4,-9025.865009226827
two_earner_couple,individual,True,1.0,cash_to_accrual,all_native,5,-4790.866327107637
two_earner_couple,individual,True,1.0,cash_to_accrual,all_native,6,14146.251845845856
two_earner_couple,individual,True,1.0,cash_to_accrual,all_native,7,19078.347030479636
two_earner_couple,individual,True,1.0,cash_to_accrual,mexican_observed_total,0,4.864321553803412
two_earner_couple,individual,True,1.0,cash_to_accrual,mexican_observed_total,1,-3446.3505865677944
two_earner_couple,individual,True,1.0,cash_to_accrual,mexican_observed_total,2,-7016.296352521998
two_earner_couple,individual,True,1.0,cash_to_accrual,mexican_observed_total,3,-7520.164410232124
two_earner_couple,individual,True,1.0,cash_to_accrual,mexican_observed_total,4,-7522.280565931409
two_earner_couple,individual,True,1.0,cash_to_accrual,mexican_observed_total,5,-4460.2374261279
two_earner_couple,individual,True,1.0,cash_to_accrual,mexican_observed_total,6,9377.502707512207
two_earner_couple,individual,True,1.0,cash_to_accrual,mexican_observed_total,7,12157.629994935654
