nc,bulky,dumping,dump_per_bulky,graffiti
DOWNTOWN LOS ANGELES,4129,5527,1.3386,28973
PICO UNION NC,8809,8579,0.9739,12459
Downtown Los Angeles,10063,8731,0.8676,88551
WESTLAKE SOUTH NC,2654,2010,0.7573,7924
Westlake South,5366,2479,0.462,27491
NORTH WESTWOOD NC,2381,1076,0.4519,176
SOUTH CENTRAL NC,11555,5162,0.4467,33974
MACARTHUR PARK NC,5475,2294,0.419,4631
Sun Valley,11161,4576,0.41,4267
SUN VALLEY AREA NC,17422,7047,0.4045,6671
Empowerment Congress Southeast,61467,23530,0.3828,34814
WESTLAKE NORTH NC,4767,1793,0.3761,6365
South Central,25147,9385,0.3732,74400
UNITED FOR VICTORY,4758,1733,0.3642,1772
EMPOWERMENT CONGRESS SOUTHEAST AREA NDC,27552,9563,0.3471,13777
COMMUNITY AND NEIGHBORS FOR NINTH DISTRICT UNITY (CANNDU),12934,4484,0.3467,11743
RAMPART VILLAGE NC,5807,1984,0.3417,5156
PANORAMA CITY NC,18770,6212,0.331,5511
CANNDU,30780,9996,0.3248,27101
LAKE BALBOA NC,16084,5185,0.3224,8147
Harbor Gateway North,26409,8288,0.3138,19432
VOICES OF 90037,16304,5074,0.3112,14852
HARBOR GATEWAY NORTH NC,11611,3485,0.3001,7626
Zapata-King,21196,6346,0.2994,19872
Empowerment Congress West,31697,9414,0.297,2586
Voices,37360,11026,0.2951,25680
WATTS NC,9202,2669,0.29,7043
EMPOWERMENT CONGRESS WEST AREA NDC,13282,3735,0.2812,1124
Empowerment Congress Central,47395,13273,0.2801,13806
NORTH HOLLYWOOD NORTHEAST NC,11639,3156,0.2712,5954
Watts,19699,5265,0.2673,17341
ARLETA NC,14791,3902,0.2638,2658
CENTRAL ALAMEDA NC,7409,1952,0.2635,8554
Empowerment Congress North,46007,11819,0.2569,14417
Sun Valley Area,27892,7101,0.2546,7986
NORTH HILLS EAST,10656,2707,0.254,4551
Pico Union,20567,5200,0.2528,30947
EMPOWERMENT CONGRESS CENTRAL AREA NDC,19889,4983,0.2505,5397
ZAPATA KING NC,13820,3396,0.2457,15242
LINCOLN HEIGHTS NC,8373,2052,0.2451,6645
BOYLE HEIGHTS NC,23014,5583,0.2426,33323
CANOGA PARK NC,14477,3496,0.2415,3540
Panorama City,43259,10348,0.2392,13468
EMPOWERMENT CONGRESS NORTH AREA NDC,21676,5180,0.239,5561
PACOIMA NC,20485,4882,0.2383,8711
North Hills East,25099,5963,0.2376,9731
Westlake North,10086,2310,0.229,16507
Hollywood Studio District,21123,4822,0.2283,31146
Empowerment Congress Southwest,33067,7354,0.2224,5698
Central Alameda,17181,3796,0.2209,19700
EMPOWERMENT CONGRESS SOUTHWEST AREA NDC,14928,3265,0.2187,2123
VAN NUYS NC,28268,6124,0.2166,13565
East Hollywood,36203,7745,0.2139,44372
Pacoima,48107,10062,0.2092,12933
CENTRAL HOLLYWOOD NC,5961,1239,0.2079,6201
Zapata King,11207,2309,0.206,17926
Boyle Heights,50759,10397,0.2048,115283
North Hollywood Northeast,39201,7978,0.2035,20641
HISTORIC CULTURAL NORTH NC,2706,547,0.2021,7277
VENICE NC,12392,2484,0.2005,7189
Park Mesa Heights,39572,7909,0.1999,6530
HISTORIC CULTURAL NC,1070,213,0.1991,3479
"UNITED NEIGHBORHOODS OF THE HISTORIC ARLINGTON HEIGHTS, WEST ADAMS, AND JEFFERSON PARK COMMUNITY",20880,4155,0.199,9160
WILSHIRE CENTER - KOREATOWN NC,23805,4697,0.1973,16806
Mid City,27034,5334,0.1973,6465
Rampart Village,13273,2618,0.1972,11346
Lincoln Heights,19456,3827,0.1967,17481
Arleta,29946,5850,0.1954,6507
United Neighborhoods,44479,8679,0.1951,24824
Historic Cultural North,7984,1543,0.1933,18728
Lake Balboa,37596,7228,0.1923,18336
Wilshire Center Koreatown,16020,3075,0.1919,10518
WEST ADAMS NC,12138,2327,0.1917,3121
Central Hollywood,12359,2353,0.1904,8397
Van Nuys,67562,12850,0.1902,28293
MID-TOWN NORTH HOLLYWOOD NC,4121,778,0.1888,2634
MISSION HILLS NC,9520,1791,0.1881,2307
WILMINGTON NC,17513,3286,0.1876,13833
Wilshire Center-Koreatown,37828,7064,0.1867,31918
Reseda,54730,10176,0.1859,19973
Foothill Trails District,5153,954,0.1851,558
NOHO WEST NC,7040,1299,0.1845,4067
EAST HOLLYWOOD NC,16400,3016,0.1839,19067
Central San Pedro,25610,4646,0.1814,18221
Mission Hills,20941,3732,0.1782,4419
NOHO NC,22859,4073,0.1782,11105
North Hollywood West,15569,2712,0.1742,8879
MID CITY NC,12490,2158,0.1728,2888
Chatsworth,32587,5556,0.1705,7001
MacArthur Park,11568,1959,0.1693,19441
Wilmington,38079,6407,0.1683,26031
FOOTHILL TRAILS DISTRICT NC,7508,1258,0.1676,1364
CENTRAL SAN PEDRO NC,12086,2023,0.1674,6034
HOLLYWOOD STUDIO DISTRICT NC,9678,1618,0.1672,12882
RESEDA NC,23401,3837,0.164,8976
NoHo,50515,8185,0.162,23139
Arts District Little Tokyo,1191,190,0.1595,7028
PARK MESA HEIGHTS CC,17367,2750,0.1583,2110
GREATER CYPRESS PARK NC,5165,814,0.1576,2834
CHATSWORTH NC,12394,1919,0.1548,2829
SYLMAR NC,26136,4034,0.1543,22125
ECHO PARK NC,13615,2094,0.1538,15482
Canoga Park,33828,5158,0.1525,6416
NORTHRIDGE SOUTH NC,9521,1437,0.1509,4624
Greater Cypress Park,12246,1846,0.1507,4837
HOLLYWOOD UNITED NC,6303,950,0.1507,2114
West Adams,26202,3919,0.1496,8649
Venice,29847,4386,0.1469,21421
Northridge South,23664,3445,0.1456,13145
Foothills Trails District,12696,1840,0.1449,1351
Harbor City,14118,2046,0.1449,14819
Echo Park,37033,5334,0.144,45667
GREATER ECHO PARK ELYSIAN NC,2544,355,0.1395,3215
Sunland-Tujunga,43648,6067,0.139,4014
HARBOR CITY NC,5487,761,0.1387,3665
OLYMPIC PARK NC,6964,954,0.137,2691
GREATER VALLEY GLEN COUNCIL,17628,2379,0.135,6941
WINNETKA NC,16025,2141,0.1336,2300
South Robertson,35535,4716,0.1327,8681
Greater Valley Glen,41401,5432,0.1312,12385
North Hills West,11954,1552,0.1298,3607
Harbor Gateway South,17363,2243,0.1292,14637
LA-32 NC,15730,1993,0.1267,5365
LA-32,26805,3396,0.1267,7140
SUNLAND-TUJUNGA NC,17825,2239,0.1256,1657
NORTH HILLS WEST NC,5348,666,0.1245,1500
P.I.C.O. NC,9769,1206,0.1235,2374
Hollywood United,16589,2044,0.1232,4459
Winnetka,38726,4747,0.1226,5222
WEST LOS ANGELES NC,9475,1161,0.1225,3065
P.I.C.O.,23464,2843,0.1212,5968
GREATER TOLUCA LAKE NC,4388,526,0.1199,1128
SOUTH ROBERTSON NC,14639,1746,0.1193,3308
Olympic Park,14532,1719,0.1183,6932
Sylmar,58765,6941,0.1181,51172
Arroyo Seco,16589,1947,0.1174,3894
ATWATER VILLAGE NC,6054,706,0.1166,2207
SILVER LAKE NC,12907,1493,0.1157,7576
West LA - Sawtelle,23702,2727,0.1151,8275
TARZANA NC,10989,1254,0.1141,3146
ENCINO NC,12572,1394,0.1109,1557
Atwater Village,13660,1505,0.1102,5083
MID CITY WEST CC,16376,1802,0.11,5229
DEL REY NC,9026,990,0.1097,4414
HARBOR GATEWAY SOUTH NC,6959,762,0.1095,5446
Tarzana,29146,3191,0.1095,8322
GREATER WILSHIRE NC,14415,1549,0.1075,3838
Encino,34741,3707,0.1067,5042
WEST HILLS NC,14490,1540,0.1063,1271
COASTAL SAN PEDRO NC,9999,1061,0.1061,1940
HOLLYWOOD HILLS WEST NC,11222,1178,0.105,2784
LA32,11152,1159,0.1039,3849
ELYSIAN VALLEY RIVERSIDE NC,2991,310,0.1036,1451
PALMS NC,7842,812,0.1035,2788
Coastal San Pedro,27301,2799,0.1025,7235
WOODLAND HILLS-WARNER CENTER NC,19161,1963,0.1024,3060
ARROYO SECO NC,6277,635,0.1012,1691
Palms,18186,1805,0.0993,8898
Woodland Hills-Warner Center,54631,5399,0.0988,9302
Del Rey,22333,2195,0.0983,5782
Mid City West,11715,1143,0.0976,4293
Mid-City West,29926,2914,0.0974,16377
GLASSELL PARK NC,8192,791,0.0966,4902
Greater Toluca Lake,11617,1109,0.0955,2005
Glassell Park,19084,1817,0.0952,7730
GRANADA HILLS SOUTH NC,12148,1153,0.0949,1742
NC VALLEY VILLAGE,8954,846,0.0945,1749
GRANADA HILLS NORTH NC,9265,871,0.094,722
LOS FELIZ NC,11336,1060,0.0935,3874
NORTHRIDGE EAST,7928,737,0.093,1113
Greater Wilshire,36206,3261,0.0901,7023
HISTORIC HIGHLAND PARK NC,19583,1760,0.0899,5915
North Westwood,5964,536,0.0899,766
WESTSIDE NC,8699,771,0.0886,2283
MAR VISTA CC,15716,1388,0.0883,3168
Hollywood Hills West,28371,2479,0.0874,7945
West Hills,39642,3462,0.0873,3138
Elysian Valley Riverside,6352,554,0.0872,3172
WESTWOOD NC,5163,450,0.0872,421
Westside,23024,2001,0.0869,6295
Granada Hills South,31400,2716,0.0865,5820
SHERMAN OAKS NC,21434,1838,0.0858,2518
Valley Village,21605,1851,0.0857,3915
NORTHRIDGE WEST,6890,582,0.0845,1051
HERMON NC,1184,97,0.0819,403
STUDIO CITY NC,10656,871,0.0817,2139
Northridge West,19242,1564,0.0813,2254
Historic Highland Park,43790,3486,0.0796,9719
Northridge East,19947,1587,0.0796,2752
Los Feliz,27856,2160,0.0775,8277
NC WESTCHESTER/PLAYA,15121,1146,0.0758,2613
Silver Lake,29285,2154,0.0736,16425
Mar Vista,37865,2743,0.0724,8017
Granada Hills North,23402,1658,0.0708,2058
Sherman Oaks,56787,3932,0.0692,7798
Westchester/Playa,41841,2887,0.069,5109
Westwood,13021,883,0.0678,1407
EAGLE ROCK NC,11812,781,0.0661,4838
Studio City,28862,1833,0.0635,7212
Eagle Rock,28519,1791,0.0628,4018
BRENTWOOD CC,5142,311,0.0605,231
NORTHWEST SAN PEDRO NC,6847,367,0.0536,1001
Hermon,3173,165,0.052,992
BEL AIR-BEVERLY CREST NC,5667,280,0.0494,203
Bel Air-Beverly Crest,16397,707,0.0431,887
Northwest San Pedro,18463,769,0.0417,2705
PORTER RANCH NC,6882,282,0.041,368
Porter Ranch,21604,579,0.0268,722
PACIFIC PALISADES NC,4410,114,0.0259,324
